timestamp,filename
2025-12-04_15-38-53,intruder_2025-12-04_15-38-53.jpg
2025-12-04_15-38-54,intruder_2025-12-04_15-38-54.jpg
2025-12-04_15-38-54,intruder_2025-12-04_15-38-54.jpg
2025-12-04_15-38-54,intruder_2025-12-04_15-38-54.jpg
2025-12-04_15-38-54,intruder_2025-12-04_15-38-54.jpg
2025-12-04_15-38-54,intruder_2025-12-04_15-38-54.jpg
2025-12-04_15-38-56,intruder_2025-12-04_15-38-56.jpg
2025-12-04_15-38-56,intruder_2025-12-04_15-38-56.jpg
2025-12-04_15-38-56,intruder_2025-12-04_15-38-56.jpg
2025-12-04_15-38-57,intruder_2025-12-04_15-38-57.jpg
2025-12-04_15-38-57,intruder_2025-12-04_15-38-57.jpg
2025-12-04_15-38-58,intruder_2025-12-04_15-38-58.jpg
2025-12-04_15-38-58,intruder_2025-12-04_15-38-58.jpg
2025-12-04_15-38-58,intruder_2025-12-04_15-38-58.jpg
2025-12-04_15-38-58,intruder_2025-12-04_15-38-58.jpg
2025-12-04_15-38-58,intruder_2025-12-04_15-38-58.jpg
2025-12-04_15-38-58,intruder_2025-12-04_15-38-58.jpg
2025-12-04_15-38-58,intruder_2025-12-04_15-38-58.jpg
2025-12-04_15-38-58,intruder_2025-12-04_15-38-58.jpg
2025-12-04_15-38-58,intruder_2025-12-04_15-38-58.jpg
2025-12-04_15-38-59,intruder_2025-12-04_15-38-59.jpg
2025-12-04_15-38-59,intruder_2025-12-04_15-38-59.jpg
2025-12-04_15-38-59,intruder_2025-12-04_15-38-59.jpg
2025-12-04_15-38-59,intruder_2025-12-04_15-38-59.jpg
2025-12-04_15-38-59,intruder_2025-12-04_15-38-59.jpg
2025-12-04_15-38-59,intruder_2025-12-04_15-38-59.jpg
2025-12-04_15-38-59,intruder_2025-12-04_15-38-59.jpg
2025-12-04_15-38-59,intruder_2025-12-04_15-38-59.jpg
2025-12-04_15-38-59,intruder_2025-12-04_15-38-59.jpg
2025-12-04_15-38-59,intruder_2025-12-04_15-38-59.jpg
2025-12-04_15-38-59,intruder_2025-12-04_15-38-59.jpg
2025-12-04_15-38-59,intruder_2025-12-04_15-38-59.jpg
2025-12-04_15-38-59,intruder_2025-12-04_15-38-59.jpg
2025-12-04_15-38-59,intruder_2025-12-04_15-38-59.jpg
2025-12-04_15-38-59,intruder_2025-12-04_15-38-59.jpg
2025-12-04_15-38-59,intruder_2025-12-04_15-38-59.jpg
2025-12-04_15-38-59,intruder_2025-12-04_15-38-59.jpg
2025-12-04_15-38-59,intruder_2025-12-04_15-38-59.jpg
2025-12-04_15-38-59,intruder_2025-12-04_15-38-59.jpg
2025-12-04_15-38-59,intruder_2025-12-04_15-38-59.jpg
2025-12-04_15-38-59,intruder_2025-12-04_15-38-59.jpg
2025-12-04_15-38-59,intruder_2025-12-04_15-38-59.jpg
2025-12-04_15-39-00,intruder_2025-12-04_15-39-00.jpg
2025-12-04_15-39-00,intruder_2025-12-04_15-39-00.jpg
2025-12-04_15-39-00,intruder_2025-12-04_15-39-00.jpg
2025-12-04_15-39-00,intruder_2025-12-04_15-39-00.jpg
2025-12-04_15-39-00,intruder_2025-12-04_15-39-00.jpg
2025-12-04_15-39-00,intruder_2025-12-04_15-39-00.jpg
2025-12-04_15-39-00,intruder_2025-12-04_15-39-00.jpg
2025-12-04_15-39-00,intruder_2025-12-04_15-39-00.jpg
2025-12-04_15-39-00,intruder_2025-12-04_15-39-00.jpg
2025-12-04_15-39-00,intruder_2025-12-04_15-39-00.jpg
2025-12-04_15-39-00,intruder_2025-12-04_15-39-00.jpg
2025-12-04_15-39-00,intruder_2025-12-04_15-39-00.jpg
2025-12-04_15-39-00,intruder_2025-12-04_15-39-00.jpg
2025-12-04_15-39-00,intruder_2025-12-04_15-39-00.jpg
2025-12-04_15-39-00,intruder_2025-12-04_15-39-00.jpg
2025-12-04_15-39-00,intruder_2025-12-04_15-39-00.jpg
2025-12-04_15-39-00,intruder_2025-12-04_15-39-00.jpg
2025-12-04_15-39-00,intruder_2025-12-04_15-39-00.jpg
2025-12-04_15-39-00,intruder_2025-12-04_15-39-00.jpg
2025-12-04_15-39-00,intruder_2025-12-04_15-39-00.jpg
2025-12-04_15-39-00,intruder_2025-12-04_15-39-00.jpg
2025-12-04_15-39-00,intruder_2025-12-04_15-39-00.jpg
2025-12-04_15-39-01,intruder_2025-12-04_15-39-01.jpg
2025-12-04_15-39-01,intruder_2025-12-04_15-39-01.jpg
2025-12-04_15-39-01,intruder_2025-12-04_15-39-01.jpg
2025-12-04_15-39-01,intruder_2025-12-04_15-39-01.jpg
2025-12-04_15-39-01,intruder_2025-12-04_15-39-01.jpg
2025-12-04_15-39-01,intruder_2025-12-04_15-39-01.jpg
2025-12-04_15-39-01,intruder_2025-12-04_15-39-01.jpg
2025-12-04_15-39-01,intruder_2025-12-04_15-39-01.jpg
2025-12-04_15-39-01,intruder_2025-12-04_15-39-01.jpg
2025-12-04_15-39-01,intruder_2025-12-04_15-39-01.jpg
2025-12-04_15-39-01,intruder_2025-12-04_15-39-01.jpg
2025-12-04_15-39-01,intruder_2025-12-04_15-39-01.jpg
2025-12-04_15-39-01,intruder_2025-12-04_15-39-01.jpg
2025-12-04_15-39-01,intruder_2025-12-04_15-39-01.jpg
2025-12-04_15-39-01,intruder_2025-12-04_15-39-01.jpg
2025-12-04_15-39-01,intruder_2025-12-04_15-39-01.jpg
2025-12-04_15-39-01,intruder_2025-12-04_15-39-01.jpg
2025-12-04_15-39-02,intruder_2025-12-04_15-39-02.jpg
2025-12-04_15-39-02,intruder_2025-12-04_15-39-02.jpg
2025-12-04_15-39-02,intruder_2025-12-04_15-39-02.jpg
2025-12-04_15-39-02,intruder_2025-12-04_15-39-02.jpg
2025-12-04_15-39-02,intruder_2025-12-04_15-39-02.jpg
2025-12-04_15-39-02,intruder_2025-12-04_15-39-02.jpg
2025-12-04_15-39-02,intruder_2025-12-04_15-39-02.jpg
2025-12-04_15-39-02,intruder_2025-12-04_15-39-02.jpg
2025-12-04_15-39-02,intruder_2025-12-04_15-39-02.jpg
2025-12-04_15-39-02,intruder_2025-12-04_15-39-02.jpg
2025-12-04_15-39-03,intruder_2025-12-04_15-39-03.jpg
2025-12-04_15-39-03,intruder_2025-12-04_15-39-03.jpg
2025-12-04_15-39-03,intruder_2025-12-04_15-39-03.jpg
2025-12-04_15-39-03,intruder_2025-12-04_15-39-03.jpg
2025-12-04_15-39-03,intruder_2025-12-04_15-39-03.jpg
2025-12-04_15-39-03,intruder_2025-12-04_15-39-03.jpg
2025-12-04_15-39-03,intruder_2025-12-04_15-39-03.jpg
2025-12-04_15-39-03,intruder_2025-12-04_15-39-03.jpg
2025-12-04_15-39-03,intruder_2025-12-04_15-39-03.jpg
2025-12-04_15-39-03,intruder_2025-12-04_15-39-03.jpg
2025-12-04_15-39-03,intruder_2025-12-04_15-39-03.jpg
2025-12-04_15-39-03,intruder_2025-12-04_15-39-03.jpg
2025-12-04_15-39-03,intruder_2025-12-04_15-39-03.jpg
2025-12-04_15-39-03,intruder_2025-12-04_15-39-03.jpg
2025-12-04_15-39-03,intruder_2025-12-04_15-39-03.jpg
2025-12-04_15-39-03,intruder_2025-12-04_15-39-03.jpg
2025-12-04_15-39-03,intruder_2025-12-04_15-39-03.jpg
2025-12-04_15-39-03,intruder_2025-12-04_15-39-03.jpg
2025-12-04_15-39-03,intruder_2025-12-04_15-39-03.jpg
2025-12-04_15-39-03,intruder_2025-12-04_15-39-03.jpg
2025-12-04_15-39-03,intruder_2025-12-04_15-39-03.jpg
2025-12-04_15-39-03,intruder_2025-12-04_15-39-03.jpg
2025-12-04_15-39-03,intruder_2025-12-04_15-39-03.jpg
2025-12-04_15-39-04,intruder_2025-12-04_15-39-04.jpg
2025-12-04_15-39-04,intruder_2025-12-04_15-39-04.jpg
2025-12-04_15-39-04,intruder_2025-12-04_15-39-04.jpg
2025-12-04_15-39-04,intruder_2025-12-04_15-39-04.jpg
2025-12-04_15-39-04,intruder_2025-12-04_15-39-04.jpg
2025-12-04_15-39-04,intruder_2025-12-04_15-39-04.jpg
2025-12-04_15-39-04,intruder_2025-12-04_15-39-04.jpg
2025-12-04_15-39-04,intruder_2025-12-04_15-39-04.jpg
2025-12-04_15-39-04,intruder_2025-12-04_15-39-04.jpg
2025-12-04_15-39-04,intruder_2025-12-04_15-39-04.jpg
2025-12-04_15-39-04,intruder_2025-12-04_15-39-04.jpg
2025-12-04_15-39-04,intruder_2025-12-04_15-39-04.jpg
2025-12-04_15-39-04,intruder_2025-12-04_15-39-04.jpg
2025-12-04_15-39-04,intruder_2025-12-04_15-39-04.jpg
2025-12-04_15-39-06,intruder_2025-12-04_15-39-06.jpg
2025-12-04_15-39-06,intruder_2025-12-04_15-39-06.jpg
2025-12-04_15-39-06,intruder_2025-12-04_15-39-06.jpg
2025-12-04_15-39-06,intruder_2025-12-04_15-39-06.jpg
2025-12-04_15-39-06,intruder_2025-12-04_15-39-06.jpg
2025-12-04_15-39-06,intruder_2025-12-04_15-39-06.jpg
2025-12-04_15-39-06,intruder_2025-12-04_15-39-06.jpg
2025-12-04_15-39-06,intruder_2025-12-04_15-39-06.jpg
2025-12-04_15-39-06,intruder_2025-12-04_15-39-06.jpg
2025-12-04_15-39-06,intruder_2025-12-04_15-39-06.jpg
2025-12-04_15-39-06,intruder_2025-12-04_15-39-06.jpg
2025-12-04_15-39-06,intruder_2025-12-04_15-39-06.jpg
2025-12-04_15-39-06,intruder_2025-12-04_15-39-06.jpg
2025-12-04_15-39-06,intruder_2025-12-04_15-39-06.jpg
2025-12-04_15-39-06,intruder_2025-12-04_15-39-06.jpg
2025-12-04_15-39-07,intruder_2025-12-04_15-39-07.jpg
2025-12-04_15-39-07,intruder_2025-12-04_15-39-07.jpg
2025-12-04_15-39-07,intruder_2025-12-04_15-39-07.jpg
2025-12-04_15-39-07,intruder_2025-12-04_15-39-07.jpg
2025-12-04_15-39-07,intruder_2025-12-04_15-39-07.jpg
2025-12-04_15-39-07,intruder_2025-12-04_15-39-07.jpg
2025-12-04_15-39-07,intruder_2025-12-04_15-39-07.jpg
2025-12-04_15-39-07,intruder_2025-12-04_15-39-07.jpg
2025-12-04_15-39-07,intruder_2025-12-04_15-39-07.jpg
2025-12-04_15-39-07,intruder_2025-12-04_15-39-07.jpg
2025-12-04_15-39-07,intruder_2025-12-04_15-39-07.jpg
2025-12-04_15-39-07,intruder_2025-12-04_15-39-07.jpg
2025-12-04_15-39-07,intruder_2025-12-04_15-39-07.jpg
2025-12-04_15-39-07,intruder_2025-12-04_15-39-07.jpg
2025-12-04_15-39-07,intruder_2025-12-04_15-39-07.jpg
2025-12-04_15-39-07,intruder_2025-12-04_15-39-07.jpg
2025-12-04_15-39-07,intruder_2025-12-04_15-39-07.jpg
2025-12-04_15-39-07,intruder_2025-12-04_15-39-07.jpg
2025-12-04_15-39-07,intruder_2025-12-04_15-39-07.jpg
2025-12-04_15-39-07,intruder_2025-12-04_15-39-07.jpg
2025-12-04_15-39-07,intruder_2025-12-04_15-39-07.jpg
2025-12-04_15-39-07,intruder_2025-12-04_15-39-07.jpg
2025-12-04_15-39-07,intruder_2025-12-04_15-39-07.jpg
2025-12-04_15-39-07,intruder_2025-12-04_15-39-07.jpg
2025-12-04_15-39-07,intruder_2025-12-04_15-39-07.jpg
2025-12-04_15-39-07,intruder_2025-12-04_15-39-07.jpg
2025-12-04_15-39-08,intruder_2025-12-04_15-39-08.jpg
2025-12-04_15-39-08,intruder_2025-12-04_15-39-08.jpg
2025-12-04_15-39-08,intruder_2025-12-04_15-39-08.jpg
2025-12-04_15-39-08,intruder_2025-12-04_15-39-08.jpg
2025-12-04_15-39-08,intruder_2025-12-04_15-39-08.jpg
2025-12-04_15-39-08,intruder_2025-12-04_15-39-08.jpg
2025-12-04_15-39-08,intruder_2025-12-04_15-39-08.jpg
2025-12-04_15-39-08,intruder_2025-12-04_15-39-08.jpg
2025-12-04_15-39-08,intruder_2025-12-04_15-39-08.jpg
2025-12-04_15-39-10,intruder_2025-12-04_15-39-10.jpg
2025-12-04_15-39-10,intruder_2025-12-04_15-39-10.jpg
2025-12-04_15-39-10,intruder_2025-12-04_15-39-10.jpg
2025-12-04_15-39-10,intruder_2025-12-04_15-39-10.jpg
2025-12-04_15-39-10,intruder_2025-12-04_15-39-10.jpg
2025-12-04_15-39-10,intruder_2025-12-04_15-39-10.jpg
2025-12-04_15-39-10,intruder_2025-12-04_15-39-10.jpg
2025-12-04_15-39-10,intruder_2025-12-04_15-39-10.jpg
2025-12-04_15-39-10,intruder_2025-12-04_15-39-10.jpg
2025-12-04_15-39-10,intruder_2025-12-04_15-39-10.jpg
2025-12-04_15-39-10,intruder_2025-12-04_15-39-10.jpg
2025-12-04_15-39-10,intruder_2025-12-04_15-39-10.jpg
2025-12-04_15-39-10,intruder_2025-12-04_15-39-10.jpg
2025-12-04_15-39-10,intruder_2025-12-04_15-39-10.jpg
2025-12-04_15-39-10,intruder_2025-12-04_15-39-10.jpg
2025-12-04_15-39-10,intruder_2025-12-04_15-39-10.jpg
2025-12-04_15-39-10,intruder_2025-12-04_15-39-10.jpg
2025-12-04_15-39-10,intruder_2025-12-04_15-39-10.jpg
2025-12-04_15-39-10,intruder_2025-12-04_15-39-10.jpg
2025-12-04_15-39-10,intruder_2025-12-04_15-39-10.jpg
2025-12-04_15-39-11,intruder_2025-12-04_15-39-11.jpg
2025-12-04_15-39-11,intruder_2025-12-04_15-39-11.jpg
2025-12-04_15-39-11,intruder_2025-12-04_15-39-11.jpg
2025-12-04_15-39-11,intruder_2025-12-04_15-39-11.jpg
2025-12-04_15-39-11,intruder_2025-12-04_15-39-11.jpg
2025-12-04_15-39-11,intruder_2025-12-04_15-39-11.jpg
2025-12-04_15-39-11,intruder_2025-12-04_15-39-11.jpg
2025-12-04_15-39-11,intruder_2025-12-04_15-39-11.jpg
2025-12-04_15-39-11,intruder_2025-12-04_15-39-11.jpg
2025-12-04_15-39-11,intruder_2025-12-04_15-39-11.jpg
2025-12-04_15-39-11,intruder_2025-12-04_15-39-11.jpg
2025-12-04_15-39-11,intruder_2025-12-04_15-39-11.jpg
2025-12-04_15-39-11,intruder_2025-12-04_15-39-11.jpg
2025-12-04_15-39-11,intruder_2025-12-04_15-39-11.jpg
2025-12-04_15-39-11,intruder_2025-12-04_15-39-11.jpg
2025-12-04_15-39-11,intruder_2025-12-04_15-39-11.jpg
2025-12-04_15-39-11,intruder_2025-12-04_15-39-11.jpg
2025-12-04_15-39-11,intruder_2025-12-04_15-39-11.jpg
2025-12-04_15-39-11,intruder_2025-12-04_15-39-11.jpg
2025-12-04_15-39-11,intruder_2025-12-04_15-39-11.jpg
2025-12-04_15-39-11,intruder_2025-12-04_15-39-11.jpg
2025-12-04_15-39-11,intruder_2025-12-04_15-39-11.jpg
2025-12-04_15-39-11,intruder_2025-12-04_15-39-11.jpg
2025-12-04_15-39-12,intruder_2025-12-04_15-39-12.jpg
2025-12-04_15-39-12,intruder_2025-12-04_15-39-12.jpg
2025-12-04_15-39-12,intruder_2025-12-04_15-39-12.jpg
2025-12-04_15-39-12,intruder_2025-12-04_15-39-12.jpg
2025-12-04_15-39-12,intruder_2025-12-04_15-39-12.jpg
2025-12-04_15-39-12,intruder_2025-12-04_15-39-12.jpg
2025-12-04_15-39-12,intruder_2025-12-04_15-39-12.jpg
2025-12-04_15-39-12,intruder_2025-12-04_15-39-12.jpg
2025-12-04_15-39-12,intruder_2025-12-04_15-39-12.jpg
2025-12-04_15-39-12,intruder_2025-12-04_15-39-12.jpg
2025-12-04_15-39-12,intruder_2025-12-04_15-39-12.jpg
2025-12-04_15-39-12,intruder_2025-12-04_15-39-12.jpg
2025-12-04_15-39-12,intruder_2025-12-04_15-39-12.jpg
2025-12-04_15-39-12,intruder_2025-12-04_15-39-12.jpg
2025-12-04_15-39-12,intruder_2025-12-04_15-39-12.jpg
2025-12-04_15-39-12,intruder_2025-12-04_15-39-12.jpg
2025-12-04_15-39-12,intruder_2025-12-04_15-39-12.jpg
2025-12-04_15-39-12,intruder_2025-12-04_15-39-12.jpg
2025-12-04_15-39-12,intruder_2025-12-04_15-39-12.jpg
2025-12-04_15-39-12,intruder_2025-12-04_15-39-12.jpg
2025-12-04_15-39-12,intruder_2025-12-04_15-39-12.jpg
2025-12-04_15-39-12,intruder_2025-12-04_15-39-12.jpg
2025-12-04_15-39-12,intruder_2025-12-04_15-39-12.jpg
2025-12-04_15-39-12,intruder_2025-12-04_15-39-12.jpg
2025-12-04_15-39-12,intruder_2025-12-04_15-39-12.jpg
2025-12-04_15-39-12,intruder_2025-12-04_15-39-12.jpg
2025-12-04_15-39-12,intruder_2025-12-04_15-39-12.jpg
2025-12-04_15-39-12,intruder_2025-12-04_15-39-12.jpg
2025-12-04_15-39-12,intruder_2025-12-04_15-39-12.jpg
2025-12-04_15-39-13,intruder_2025-12-04_15-39-13.jpg
2025-12-04_15-39-13,intruder_2025-12-04_15-39-13.jpg
2025-12-04_15-39-13,intruder_2025-12-04_15-39-13.jpg
2025-12-04_15-39-13,intruder_2025-12-04_15-39-13.jpg
2025-12-04_15-39-13,intruder_2025-12-04_15-39-13.jpg
2025-12-04_15-39-13,intruder_2025-12-04_15-39-13.jpg
2025-12-04_15-39-13,intruder_2025-12-04_15-39-13.jpg
2025-12-04_15-39-13,intruder_2025-12-04_15-39-13.jpg
2025-12-04_15-39-13,intruder_2025-12-04_15-39-13.jpg
2025-12-04_15-39-13,intruder_2025-12-04_15-39-13.jpg
2025-12-04_15-39-13,intruder_2025-12-04_15-39-13.jpg
2025-12-04_15-39-13,intruder_2025-12-04_15-39-13.jpg
2025-12-04_15-39-13,intruder_2025-12-04_15-39-13.jpg
2025-12-04_15-39-13,intruder_2025-12-04_15-39-13.jpg
2025-12-04_15-39-14,intruder_2025-12-04_15-39-14.jpg
2025-12-04_15-39-14,intruder_2025-12-04_15-39-14.jpg
2025-12-04_15-39-14,intruder_2025-12-04_15-39-14.jpg
2025-12-04_15-39-14,intruder_2025-12-04_15-39-14.jpg
2025-12-04_15-39-14,intruder_2025-12-04_15-39-14.jpg
2025-12-04_15-39-14,intruder_2025-12-04_15-39-14.jpg
2025-12-04_15-39-14,intruder_2025-12-04_15-39-14.jpg
2025-12-04_15-39-14,intruder_2025-12-04_15-39-14.jpg
2025-12-04_15-39-14,intruder_2025-12-04_15-39-14.jpg
2025-12-04_15-39-14,intruder_2025-12-04_15-39-14.jpg
2025-12-04_15-39-14,intruder_2025-12-04_15-39-14.jpg
2025-12-04_15-39-14,intruder_2025-12-04_15-39-14.jpg
2025-12-04_15-39-14,intruder_2025-12-04_15-39-14.jpg
2025-12-04_15-39-14,intruder_2025-12-04_15-39-14.jpg
2025-12-04_15-39-14,intruder_2025-12-04_15-39-14.jpg
2025-12-04_15-39-14,intruder_2025-12-04_15-39-14.jpg
2025-12-04_15-39-14,intruder_2025-12-04_15-39-14.jpg
2025-12-04_15-39-14,intruder_2025-12-04_15-39-14.jpg
2025-12-04_15-39-14,intruder_2025-12-04_15-39-14.jpg
2025-12-04_15-39-14,intruder_2025-12-04_15-39-14.jpg
2025-12-04_15-39-14,intruder_2025-12-04_15-39-14.jpg
2025-12-04_15-39-14,intruder_2025-12-04_15-39-14.jpg
2025-12-04_15-39-14,intruder_2025-12-04_15-39-14.jpg
2025-12-04_15-39-14,intruder_2025-12-04_15-39-14.jpg
2025-12-04_15-39-14,intruder_2025-12-04_15-39-14.jpg
2025-12-04_15-39-14,intruder_2025-12-04_15-39-14.jpg
2025-12-04_15-39-14,intruder_2025-12-04_15-39-14.jpg
2025-12-04_15-39-15,intruder_2025-12-04_15-39-15.jpg
2025-12-04_15-39-15,intruder_2025-12-04_15-39-15.jpg
2025-12-04_15-39-15,intruder_2025-12-04_15-39-15.jpg
2025-12-04_15-39-15,intruder_2025-12-04_15-39-15.jpg
2025-12-04_15-39-15,intruder_2025-12-04_15-39-15.jpg
2025-12-04_15-39-15,intruder_2025-12-04_15-39-15.jpg
2025-12-04_15-39-15,intruder_2025-12-04_15-39-15.jpg
2025-12-04_15-39-15,intruder_2025-12-04_15-39-15.jpg
2025-12-04_15-39-15,intruder_2025-12-04_15-39-15.jpg
2025-12-04_15-39-15,intruder_2025-12-04_15-39-15.jpg
2025-12-04_15-39-15,intruder_2025-12-04_15-39-15.jpg
2025-12-04_15-39-15,intruder_2025-12-04_15-39-15.jpg
2025-12-04_15-39-15,intruder_2025-12-04_15-39-15.jpg
2025-12-04_15-39-15,intruder_2025-12-04_15-39-15.jpg
2025-12-04_15-39-15,intruder_2025-12-04_15-39-15.jpg
2025-12-04_15-39-15,intruder_2025-12-04_15-39-15.jpg
2025-12-04_15-39-15,intruder_2025-12-04_15-39-15.jpg
2025-12-04_15-39-15,intruder_2025-12-04_15-39-15.jpg
2025-12-04_15-39-16,intruder_2025-12-04_15-39-16.jpg
2025-12-04_15-39-16,intruder_2025-12-04_15-39-16.jpg
2025-12-04_15-39-16,intruder_2025-12-04_15-39-16.jpg
2025-12-04_15-39-16,intruder_2025-12-04_15-39-16.jpg
2025-12-04_15-39-16,intruder_2025-12-04_15-39-16.jpg
2025-12-04_15-39-16,intruder_2025-12-04_15-39-16.jpg
2025-12-04_15-39-16,intruder_2025-12-04_15-39-16.jpg
2025-12-04_15-39-16,intruder_2025-12-04_15-39-16.jpg
2025-12-04_15-39-16,intruder_2025-12-04_15-39-16.jpg
2025-12-04_15-39-16,intruder_2025-12-04_15-39-16.jpg
2025-12-04_15-39-16,intruder_2025-12-04_15-39-16.jpg
2025-12-04_15-39-16,intruder_2025-12-04_15-39-16.jpg
2025-12-04_15-39-16,intruder_2025-12-04_15-39-16.jpg
2025-12-04_15-39-16,intruder_2025-12-04_15-39-16.jpg
2025-12-04_15-39-16,intruder_2025-12-04_15-39-16.jpg
2025-12-04_15-39-16,intruder_2025-12-04_15-39-16.jpg
2025-12-04_15-39-16,intruder_2025-12-04_15-39-16.jpg
2025-12-04_15-39-16,intruder_2025-12-04_15-39-16.jpg
2025-12-04_15-39-16,intruder_2025-12-04_15-39-16.jpg
2025-12-04_15-39-17,intruder_2025-12-04_15-39-17.jpg
2025-12-04_15-39-20,intruder_2025-12-04_15-39-20.jpg
2025-12-04_15-39-21,intruder_2025-12-04_15-39-21.jpg
2025-12-04_15-39-21,intruder_2025-12-04_15-39-21.jpg
2025-12-04_15-39-21,intruder_2025-12-04_15-39-21.jpg
2025-12-04_15-39-21,intruder_2025-12-04_15-39-21.jpg
2025-12-04_15-39-21,intruder_2025-12-04_15-39-21.jpg
2025-12-04_15-39-21,intruder_2025-12-04_15-39-21.jpg
2025-12-04_15-39-21,intruder_2025-12-04_15-39-21.jpg
2025-12-04_15-39-21,intruder_2025-12-04_15-39-21.jpg
2025-12-04_15-39-21,intruder_2025-12-04_15-39-21.jpg
2025-12-04_15-39-21,intruder_2025-12-04_15-39-21.jpg
2025-12-04_15-39-21,intruder_2025-12-04_15-39-21.jpg
2025-12-04_15-39-22,intruder_2025-12-04_15-39-22.jpg
2025-12-04_15-39-22,intruder_2025-12-04_15-39-22.jpg
2025-12-04_15-39-22,intruder_2025-12-04_15-39-22.jpg
2025-12-04_15-39-22,intruder_2025-12-04_15-39-22.jpg
2025-12-04_15-39-22,intruder_2025-12-04_15-39-22.jpg
2025-12-04_15-39-22,intruder_2025-12-04_15-39-22.jpg
2025-12-04_15-39-22,intruder_2025-12-04_15-39-22.jpg
2025-12-04_15-39-22,intruder_2025-12-04_15-39-22.jpg
2025-12-04_15-39-22,intruder_2025-12-04_15-39-22.jpg
2025-12-04_15-39-25,intruder_2025-12-04_15-39-25.jpg
2025-12-04_15-39-25,intruder_2025-12-04_15-39-25.jpg
2025-12-04_15-39-26,intruder_2025-12-04_15-39-26.jpg
2025-12-04_15-39-26,intruder_2025-12-04_15-39-26.jpg
2025-12-04_15-39-26,intruder_2025-12-04_15-39-26.jpg
2025-12-04_15-39-26,intruder_2025-12-04_15-39-26.jpg
2025-12-04_15-39-26,intruder_2025-12-04_15-39-26.jpg
2025-12-04_15-39-26,intruder_2025-12-04_15-39-26.jpg
2025-12-04_15-39-26,intruder_2025-12-04_15-39-26.jpg
2025-12-04_15-39-26,intruder_2025-12-04_15-39-26.jpg
2025-12-04_15-39-26,intruder_2025-12-04_15-39-26.jpg
2025-12-04_15-39-26,intruder_2025-12-04_15-39-26.jpg
2025-12-04_15-39-27,intruder_2025-12-04_15-39-27.jpg
2025-12-04_15-39-27,intruder_2025-12-04_15-39-27.jpg
2025-12-04_15-39-27,intruder_2025-12-04_15-39-27.jpg
2025-12-04_15-39-27,intruder_2025-12-04_15-39-27.jpg
2025-12-04_15-39-49,intruder_2025-12-04_15-39-49.jpg
2025-12-04_15-39-49,intruder_2025-12-04_15-39-49.jpg
2025-12-04_15-39-49,intruder_2025-12-04_15-39-49.jpg
2025-12-04_15-39-49,intruder_2025-12-04_15-39-49.jpg
2025-12-04_15-39-49,intruder_2025-12-04_15-39-49.jpg
2025-12-04_15-39-49,intruder_2025-12-04_15-39-49.jpg
2025-12-04_15-39-49,intruder_2025-12-04_15-39-49.jpg
2025-12-04_15-39-49,intruder_2025-12-04_15-39-49.jpg
2025-12-04_15-39-49,intruder_2025-12-04_15-39-49.jpg
2025-12-04_15-39-49,intruder_2025-12-04_15-39-49.jpg
2025-12-04_15-39-49,intruder_2025-12-04_15-39-49.jpg
2025-12-04_15-39-51,intruder_2025-12-04_15-39-51.jpg
2025-12-04_15-39-51,intruder_2025-12-04_15-39-51.jpg
2025-12-04_15-39-51,intruder_2025-12-04_15-39-51.jpg
2025-12-04_15-39-52,intruder_2025-12-04_15-39-52.jpg
2025-12-04_15-39-52,intruder_2025-12-04_15-39-52.jpg
2025-12-04_15-39-52,intruder_2025-12-04_15-39-52.jpg
2025-12-04_15-39-52,intruder_2025-12-04_15-39-52.jpg
2025-12-04_15-39-52,intruder_2025-12-04_15-39-52.jpg
2025-12-04_15-39-52,intruder_2025-12-04_15-39-52.jpg
2025-12-04_15-39-52,intruder_2025-12-04_15-39-52.jpg
2025-12-04_15-39-53,intruder_2025-12-04_15-39-53.jpg
2025-12-04_15-39-53,intruder_2025-12-04_15-39-53.jpg
2025-12-04_15-39-53,intruder_2025-12-04_15-39-53.jpg
2025-12-04_15-39-53,intruder_2025-12-04_15-39-53.jpg
2025-12-04_15-39-53,intruder_2025-12-04_15-39-53.jpg
2025-12-04_15-39-53,intruder_2025-12-04_15-39-53.jpg
2025-12-04_15-39-53,intruder_2025-12-04_15-39-53.jpg
2025-12-04_15-39-53,intruder_2025-12-04_15-39-53.jpg
2025-12-04_15-39-54,intruder_2025-12-04_15-39-54.jpg
2025-12-04_15-39-54,intruder_2025-12-04_15-39-54.jpg
2025-12-04_15-39-55,intruder_2025-12-04_15-39-55.jpg
2025-12-04_15-39-55,intruder_2025-12-04_15-39-55.jpg
2025-12-04_15-39-55,intruder_2025-12-04_15-39-55.jpg
2025-12-04_15-39-55,intruder_2025-12-04_15-39-55.jpg
2025-12-04_15-39-55,intruder_2025-12-04_15-39-55.jpg
2025-12-04_15-39-55,intruder_2025-12-04_15-39-55.jpg
2025-12-04_15-39-55,intruder_2025-12-04_15-39-55.jpg
2025-12-04_15-39-55,intruder_2025-12-04_15-39-55.jpg
2025-12-04_15-39-55,intruder_2025-12-04_15-39-55.jpg
2025-12-04_15-39-55,intruder_2025-12-04_15-39-55.jpg
2025-12-04_15-39-55,intruder_2025-12-04_15-39-55.jpg
2025-12-04_15-39-55,intruder_2025-12-04_15-39-55.jpg
2025-12-04_15-39-55,intruder_2025-12-04_15-39-55.jpg
2025-12-04_15-39-55,intruder_2025-12-04_15-39-55.jpg
2025-12-04_15-39-55,intruder_2025-12-04_15-39-55.jpg
2025-12-04_15-39-55,intruder_2025-12-04_15-39-55.jpg
2025-12-04_15-39-55,intruder_2025-12-04_15-39-55.jpg
2025-12-04_15-39-55,intruder_2025-12-04_15-39-55.jpg
2025-12-04_15-39-55,intruder_2025-12-04_15-39-55.jpg
2025-12-04_15-39-55,intruder_2025-12-04_15-39-55.jpg
2025-12-04_15-39-55,intruder_2025-12-04_15-39-55.jpg
2025-12-04_15-39-56,intruder_2025-12-04_15-39-56.jpg
2025-12-04_15-39-56,intruder_2025-12-04_15-39-56.jpg
2025-12-04_15-39-56,intruder_2025-12-04_15-39-56.jpg
2025-12-04_15-39-56,intruder_2025-12-04_15-39-56.jpg
2025-12-04_15-39-56,intruder_2025-12-04_15-39-56.jpg
2025-12-04_15-39-56,intruder_2025-12-04_15-39-56.jpg
2025-12-04_15-39-56,intruder_2025-12-04_15-39-56.jpg
2025-12-04_15-39-56,intruder_2025-12-04_15-39-56.jpg
2025-12-04_15-39-56,intruder_2025-12-04_15-39-56.jpg
2025-12-04_15-39-56,intruder_2025-12-04_15-39-56.jpg
2025-12-04_15-39-56,intruder_2025-12-04_15-39-56.jpg
2025-12-04_15-39-56,intruder_2025-12-04_15-39-56.jpg
2025-12-04_15-39-56,intruder_2025-12-04_15-39-56.jpg
2025-12-04_15-39-56,intruder_2025-12-04_15-39-56.jpg
2025-12-04_15-39-56,intruder_2025-12-04_15-39-56.jpg
2025-12-04_15-39-56,intruder_2025-12-04_15-39-56.jpg
2025-12-04_15-39-56,intruder_2025-12-04_15-39-56.jpg
2025-12-04_15-39-56,intruder_2025-12-04_15-39-56.jpg
2025-12-04_15-39-56,intruder_2025-12-04_15-39-56.jpg
2025-12-04_15-39-56,intruder_2025-12-04_15-39-56.jpg
2025-12-04_15-39-56,intruder_2025-12-04_15-39-56.jpg
2025-12-04_15-39-56,intruder_2025-12-04_15-39-56.jpg
2025-12-04_15-39-56,intruder_2025-12-04_15-39-56.jpg
2025-12-04_15-39-56,intruder_2025-12-04_15-39-56.jpg
2025-12-04_15-39-56,intruder_2025-12-04_15-39-56.jpg
2025-12-04_15-39-56,intruder_2025-12-04_15-39-56.jpg
2025-12-04_15-39-56,intruder_2025-12-04_15-39-56.jpg
2025-12-04_15-39-56,intruder_2025-12-04_15-39-56.jpg
2025-12-04_15-39-56,intruder_2025-12-04_15-39-56.jpg
2025-12-04_15-39-57,intruder_2025-12-04_15-39-57.jpg
2025-12-04_15-39-57,intruder_2025-12-04_15-39-57.jpg
2025-12-04_15-39-57,intruder_2025-12-04_15-39-57.jpg
2025-12-04_15-39-57,intruder_2025-12-04_15-39-57.jpg
2025-12-04_15-39-57,intruder_2025-12-04_15-39-57.jpg
2025-12-04_15-39-57,intruder_2025-12-04_15-39-57.jpg
2025-12-04_15-39-57,intruder_2025-12-04_15-39-57.jpg
2025-12-04_15-39-57,intruder_2025-12-04_15-39-57.jpg
2025-12-04_15-39-57,intruder_2025-12-04_15-39-57.jpg
2025-12-04_15-39-57,intruder_2025-12-04_15-39-57.jpg
2025-12-04_15-39-57,intruder_2025-12-04_15-39-57.jpg
2025-12-04_15-39-57,intruder_2025-12-04_15-39-57.jpg
2025-12-04_15-39-57,intruder_2025-12-04_15-39-57.jpg
2025-12-04_15-39-57,intruder_2025-12-04_15-39-57.jpg
2025-12-04_15-39-57,intruder_2025-12-04_15-39-57.jpg
2025-12-04_15-39-57,intruder_2025-12-04_15-39-57.jpg
2025-12-04_15-39-57,intruder_2025-12-04_15-39-57.jpg
2025-12-04_15-39-57,intruder_2025-12-04_15-39-57.jpg
2025-12-04_15-39-57,intruder_2025-12-04_15-39-57.jpg
2025-12-04_15-39-57,intruder_2025-12-04_15-39-57.jpg
2025-12-04_15-39-57,intruder_2025-12-04_15-39-57.jpg
2025-12-04_15-39-57,intruder_2025-12-04_15-39-57.jpg
2025-12-04_15-39-57,intruder_2025-12-04_15-39-57.jpg
2025-12-04_15-39-57,intruder_2025-12-04_15-39-57.jpg
2025-12-04_15-39-57,intruder_2025-12-04_15-39-57.jpg
2025-12-04_15-39-57,intruder_2025-12-04_15-39-57.jpg
2025-12-04_15-39-57,intruder_2025-12-04_15-39-57.jpg
2025-12-04_15-39-57,intruder_2025-12-04_15-39-57.jpg
2025-12-04_15-39-57,intruder_2025-12-04_15-39-57.jpg
2025-12-04_15-39-57,intruder_2025-12-04_15-39-57.jpg
2025-12-04_15-39-58,intruder_2025-12-04_15-39-58.jpg
2025-12-04_15-39-58,intruder_2025-12-04_15-39-58.jpg
2025-12-04_15-39-58,intruder_2025-12-04_15-39-58.jpg
2025-12-04_15-39-58,intruder_2025-12-04_15-39-58.jpg
2025-12-04_15-39-58,intruder_2025-12-04_15-39-58.jpg
2025-12-04_15-39-58,intruder_2025-12-04_15-39-58.jpg
2025-12-04_15-39-58,intruder_2025-12-04_15-39-58.jpg
2025-12-04_15-39-58,intruder_2025-12-04_15-39-58.jpg
2025-12-04_15-39-58,intruder_2025-12-04_15-39-58.jpg
2025-12-04_15-39-58,intruder_2025-12-04_15-39-58.jpg
2025-12-04_15-39-58,intruder_2025-12-04_15-39-58.jpg
2025-12-04_15-39-58,intruder_2025-12-04_15-39-58.jpg
2025-12-04_15-39-58,intruder_2025-12-04_15-39-58.jpg
2025-12-04_15-39-58,intruder_2025-12-04_15-39-58.jpg
2025-12-04_15-39-58,intruder_2025-12-04_15-39-58.jpg
2025-12-04_15-39-58,intruder_2025-12-04_15-39-58.jpg
2025-12-04_15-39-58,intruder_2025-12-04_15-39-58.jpg
2025-12-04_15-39-58,intruder_2025-12-04_15-39-58.jpg
2025-12-04_15-39-58,intruder_2025-12-04_15-39-58.jpg
2025-12-04_15-39-58,intruder_2025-12-04_15-39-58.jpg
2025-12-04_15-39-58,intruder_2025-12-04_15-39-58.jpg
2025-12-04_15-39-58,intruder_2025-12-04_15-39-58.jpg
2025-12-04_15-39-58,intruder_2025-12-04_15-39-58.jpg
2025-12-04_15-39-58,intruder_2025-12-04_15-39-58.jpg
2025-12-04_15-39-58,intruder_2025-12-04_15-39-58.jpg
2025-12-04_15-39-58,intruder_2025-12-04_15-39-58.jpg
2025-12-04_15-39-58,intruder_2025-12-04_15-39-58.jpg
2025-12-04_15-39-58,intruder_2025-12-04_15-39-58.jpg
2025-12-04_15-39-59,intruder_2025-12-04_15-39-59.jpg
2025-12-04_15-39-59,intruder_2025-12-04_15-39-59.jpg
2025-12-04_15-39-59,intruder_2025-12-04_15-39-59.jpg
2025-12-04_15-39-59,intruder_2025-12-04_15-39-59.jpg
2025-12-04_15-39-59,intruder_2025-12-04_15-39-59.jpg
2025-12-04_15-39-59,intruder_2025-12-04_15-39-59.jpg
2025-12-04_15-39-59,intruder_2025-12-04_15-39-59.jpg
2025-12-04_15-39-59,intruder_2025-12-04_15-39-59.jpg
2025-12-04_15-39-59,intruder_2025-12-04_15-39-59.jpg
2025-12-04_15-39-59,intruder_2025-12-04_15-39-59.jpg
2025-12-04_15-39-59,intruder_2025-12-04_15-39-59.jpg
2025-12-04_15-39-59,intruder_2025-12-04_15-39-59.jpg
2025-12-04_15-39-59,intruder_2025-12-04_15-39-59.jpg
2025-12-04_15-39-59,intruder_2025-12-04_15-39-59.jpg
2025-12-04_15-39-59,intruder_2025-12-04_15-39-59.jpg
2025-12-04_15-39-59,intruder_2025-12-04_15-39-59.jpg
2025-12-04_15-39-59,intruder_2025-12-04_15-39-59.jpg
2025-12-04_15-39-59,intruder_2025-12-04_15-39-59.jpg
2025-12-04_15-39-59,intruder_2025-12-04_15-39-59.jpg
2025-12-04_15-39-59,intruder_2025-12-04_15-39-59.jpg
2025-12-04_15-39-59,intruder_2025-12-04_15-39-59.jpg
2025-12-04_15-39-59,intruder_2025-12-04_15-39-59.jpg
2025-12-04_15-39-59,intruder_2025-12-04_15-39-59.jpg
2025-12-04_15-40-00,intruder_2025-12-04_15-40-00.jpg
2025-12-04_15-40-00,intruder_2025-12-04_15-40-00.jpg
2025-12-04_15-40-00,intruder_2025-12-04_15-40-00.jpg
2025-12-04_15-40-00,intruder_2025-12-04_15-40-00.jpg
2025-12-04_15-40-00,intruder_2025-12-04_15-40-00.jpg
2025-12-04_15-40-00,intruder_2025-12-04_15-40-00.jpg
2025-12-04_15-40-00,intruder_2025-12-04_15-40-00.jpg
2025-12-04_15-40-00,intruder_2025-12-04_15-40-00.jpg
2025-12-04_15-40-00,intruder_2025-12-04_15-40-00.jpg
2025-12-04_15-40-00,intruder_2025-12-04_15-40-00.jpg
2025-12-04_15-40-00,intruder_2025-12-04_15-40-00.jpg
2025-12-04_15-40-00,intruder_2025-12-04_15-40-00.jpg
2025-12-04_15-40-00,intruder_2025-12-04_15-40-00.jpg
2025-12-04_15-40-00,intruder_2025-12-04_15-40-00.jpg
2025-12-04_15-40-00,intruder_2025-12-04_15-40-00.jpg
2025-12-04_15-40-00,intruder_2025-12-04_15-40-00.jpg
2025-12-04_15-40-00,intruder_2025-12-04_15-40-00.jpg
2025-12-04_15-40-00,intruder_2025-12-04_15-40-00.jpg
2025-12-04_15-40-00,intruder_2025-12-04_15-40-00.jpg
2025-12-04_15-40-00,intruder_2025-12-04_15-40-00.jpg
2025-12-04_15-40-00,intruder_2025-12-04_15-40-00.jpg
2025-12-04_15-40-00,intruder_2025-12-04_15-40-00.jpg
2025-12-04_15-40-00,intruder_2025-12-04_15-40-00.jpg
2025-12-04_15-40-00,intruder_2025-12-04_15-40-00.jpg
2025-12-04_15-40-01,intruder_2025-12-04_15-40-01.jpg
2025-12-04_15-40-01,intruder_2025-12-04_15-40-01.jpg
2025-12-04_15-40-01,intruder_2025-12-04_15-40-01.jpg
2025-12-04_15-40-01,intruder_2025-12-04_15-40-01.jpg
2025-12-04_15-40-01,intruder_2025-12-04_15-40-01.jpg
2025-12-04_15-40-01,intruder_2025-12-04_15-40-01.jpg
2025-12-04_15-40-01,intruder_2025-12-04_15-40-01.jpg
2025-12-04_15-40-01,intruder_2025-12-04_15-40-01.jpg
2025-12-04_15-40-01,intruder_2025-12-04_15-40-01.jpg
2025-12-04_15-40-01,intruder_2025-12-04_15-40-01.jpg
2025-12-04_15-40-01,intruder_2025-12-04_15-40-01.jpg
2025-12-04_15-40-01,intruder_2025-12-04_15-40-01.jpg
2025-12-04_15-40-01,intruder_2025-12-04_15-40-01.jpg
2025-12-04_15-40-01,intruder_2025-12-04_15-40-01.jpg
2025-12-04_15-40-01,intruder_2025-12-04_15-40-01.jpg
2025-12-04_15-40-01,intruder_2025-12-04_15-40-01.jpg
2025-12-04_15-40-01,intruder_2025-12-04_15-40-01.jpg
2025-12-04_15-40-01,intruder_2025-12-04_15-40-01.jpg
2025-12-04_15-40-01,intruder_2025-12-04_15-40-01.jpg
2025-12-04_15-40-01,intruder_2025-12-04_15-40-01.jpg
2025-12-04_15-40-01,intruder_2025-12-04_15-40-01.jpg
2025-12-04_15-40-01,intruder_2025-12-04_15-40-01.jpg
2025-12-04_15-40-02,intruder_2025-12-04_15-40-02.jpg
2025-12-04_15-40-02,intruder_2025-12-04_15-40-02.jpg
2025-12-04_15-40-02,intruder_2025-12-04_15-40-02.jpg
2025-12-04_15-40-02,intruder_2025-12-04_15-40-02.jpg
2025-12-04_15-40-02,intruder_2025-12-04_15-40-02.jpg
2025-12-04_15-40-02,intruder_2025-12-04_15-40-02.jpg
2025-12-04_15-40-02,intruder_2025-12-04_15-40-02.jpg
2025-12-04_15-40-02,intruder_2025-12-04_15-40-02.jpg
2025-12-04_15-40-02,intruder_2025-12-04_15-40-02.jpg
2025-12-04_15-40-02,intruder_2025-12-04_15-40-02.jpg
2025-12-04_15-40-02,intruder_2025-12-04_15-40-02.jpg
2025-12-04_15-40-02,intruder_2025-12-04_15-40-02.jpg
2025-12-04_15-40-02,intruder_2025-12-04_15-40-02.jpg
2025-12-04_15-40-02,intruder_2025-12-04_15-40-02.jpg
2025-12-04_15-40-02,intruder_2025-12-04_15-40-02.jpg
2025-12-04_15-40-03,intruder_2025-12-04_15-40-03.jpg
2025-12-04_15-40-03,intruder_2025-12-04_15-40-03.jpg
2025-12-04_15-40-03,intruder_2025-12-04_15-40-03.jpg
2025-12-04_15-40-03,intruder_2025-12-04_15-40-03.jpg
2025-12-04_15-40-03,intruder_2025-12-04_15-40-03.jpg
2025-12-04_15-40-03,intruder_2025-12-04_15-40-03.jpg
2025-12-04_15-40-03,intruder_2025-12-04_15-40-03.jpg
2025-12-04_15-40-03,intruder_2025-12-04_15-40-03.jpg
2025-12-04_15-40-03,intruder_2025-12-04_15-40-03.jpg
2025-12-04_15-40-03,intruder_2025-12-04_15-40-03.jpg
2025-12-04_15-40-03,intruder_2025-12-04_15-40-03.jpg
2025-12-04_15-40-03,intruder_2025-12-04_15-40-03.jpg
2025-12-04_15-40-03,intruder_2025-12-04_15-40-03.jpg
2025-12-04_15-40-03,intruder_2025-12-04_15-40-03.jpg
2025-12-04_15-40-03,intruder_2025-12-04_15-40-03.jpg
2025-12-04_15-40-03,intruder_2025-12-04_15-40-03.jpg
2025-12-04_15-40-03,intruder_2025-12-04_15-40-03.jpg
2025-12-04_15-40-04,intruder_2025-12-04_15-40-04.jpg
2025-12-04_15-40-04,intruder_2025-12-04_15-40-04.jpg
2025-12-04_15-40-04,intruder_2025-12-04_15-40-04.jpg
2025-12-04_15-40-04,intruder_2025-12-04_15-40-04.jpg
2025-12-04_15-40-04,intruder_2025-12-04_15-40-04.jpg
2025-12-04_15-40-04,intruder_2025-12-04_15-40-04.jpg
2025-12-04_15-40-04,intruder_2025-12-04_15-40-04.jpg
2025-12-04_15-40-04,intruder_2025-12-04_15-40-04.jpg
2025-12-04_15-40-05,intruder_2025-12-04_15-40-05.jpg
2025-12-04_15-40-05,intruder_2025-12-04_15-40-05.jpg
2025-12-04_15-40-05,intruder_2025-12-04_15-40-05.jpg
2025-12-04_15-40-05,intruder_2025-12-04_15-40-05.jpg
2025-12-04_15-40-10,intruder_2025-12-04_15-40-10.jpg
2025-12-04_15-40-11,intruder_2025-12-04_15-40-11.jpg
2025-12-04_15-40-11,intruder_2025-12-04_15-40-11.jpg
2025-12-04_15-40-11,intruder_2025-12-04_15-40-11.jpg
2025-12-04_15-40-11,intruder_2025-12-04_15-40-11.jpg
2025-12-04_15-40-11,intruder_2025-12-04_15-40-11.jpg
2025-12-04_15-40-11,intruder_2025-12-04_15-40-11.jpg
2025-12-04_15-40-12,intruder_2025-12-04_15-40-12.jpg
2025-12-04_15-40-12,intruder_2025-12-04_15-40-12.jpg
2025-12-04_15-40-12,intruder_2025-12-04_15-40-12.jpg
2025-12-04_15-40-12,intruder_2025-12-04_15-40-12.jpg
2025-12-04_15-40-12,intruder_2025-12-04_15-40-12.jpg
2025-12-04_15-40-12,intruder_2025-12-04_15-40-12.jpg
2025-12-04_15-40-12,intruder_2025-12-04_15-40-12.jpg
2025-12-04_15-40-12,intruder_2025-12-04_15-40-12.jpg
2025-12-04_15-40-12,intruder_2025-12-04_15-40-12.jpg
2025-12-04_15-40-12,intruder_2025-12-04_15-40-12.jpg
2025-12-04_15-40-12,intruder_2025-12-04_15-40-12.jpg
2025-12-04_15-40-12,intruder_2025-12-04_15-40-12.jpg
2025-12-04_15-40-12,intruder_2025-12-04_15-40-12.jpg
2025-12-04_15-40-12,intruder_2025-12-04_15-40-12.jpg
2025-12-04_15-40-12,intruder_2025-12-04_15-40-12.jpg
2025-12-04_15-40-12,intruder_2025-12-04_15-40-12.jpg
2025-12-04_15-40-13,intruder_2025-12-04_15-40-13.jpg
2025-12-04_15-40-13,intruder_2025-12-04_15-40-13.jpg
2025-12-04_15-40-13,intruder_2025-12-04_15-40-13.jpg
2025-12-04_15-40-13,intruder_2025-12-04_15-40-13.jpg
2025-12-04_15-40-13,intruder_2025-12-04_15-40-13.jpg
2025-12-04_15-40-13,intruder_2025-12-04_15-40-13.jpg
2025-12-04_15-40-13,intruder_2025-12-04_15-40-13.jpg
2025-12-04_15-40-13,intruder_2025-12-04_15-40-13.jpg
2025-12-04_15-40-13,intruder_2025-12-04_15-40-13.jpg
2025-12-04_15-40-13,intruder_2025-12-04_15-40-13.jpg
2025-12-04_15-40-13,intruder_2025-12-04_15-40-13.jpg
2025-12-04_15-40-13,intruder_2025-12-04_15-40-13.jpg
2025-12-04_15-40-13,intruder_2025-12-04_15-40-13.jpg
2025-12-04_15-40-13,intruder_2025-12-04_15-40-13.jpg
2025-12-04_15-40-13,intruder_2025-12-04_15-40-13.jpg
2025-12-04_15-40-13,intruder_2025-12-04_15-40-13.jpg
2025-12-04_15-40-13,intruder_2025-12-04_15-40-13.jpg
2025-12-04_15-40-13,intruder_2025-12-04_15-40-13.jpg
2025-12-04_15-40-13,intruder_2025-12-04_15-40-13.jpg
2025-12-04_15-40-13,intruder_2025-12-04_15-40-13.jpg
2025-12-04_15-40-13,intruder_2025-12-04_15-40-13.jpg
2025-12-04_15-40-13,intruder_2025-12-04_15-40-13.jpg
2025-12-04_15-40-13,intruder_2025-12-04_15-40-13.jpg
2025-12-04_15-40-13,intruder_2025-12-04_15-40-13.jpg
2025-12-04_15-40-13,intruder_2025-12-04_15-40-13.jpg
2025-12-04_15-40-14,intruder_2025-12-04_15-40-14.jpg
2025-12-04_15-40-14,intruder_2025-12-04_15-40-14.jpg
2025-12-04_15-40-14,intruder_2025-12-04_15-40-14.jpg
2025-12-04_15-40-14,intruder_2025-12-04_15-40-14.jpg
2025-12-04_15-40-14,intruder_2025-12-04_15-40-14.jpg
2025-12-04_15-40-14,intruder_2025-12-04_15-40-14.jpg
2025-12-04_15-40-14,intruder_2025-12-04_15-40-14.jpg
2025-12-04_15-40-14,intruder_2025-12-04_15-40-14.jpg
2025-12-04_15-40-14,intruder_2025-12-04_15-40-14.jpg
2025-12-04_15-40-14,intruder_2025-12-04_15-40-14.jpg
2025-12-04_15-40-14,intruder_2025-12-04_15-40-14.jpg
2025-12-04_15-40-14,intruder_2025-12-04_15-40-14.jpg
2025-12-04_15-40-14,intruder_2025-12-04_15-40-14.jpg
2025-12-04_15-40-14,intruder_2025-12-04_15-40-14.jpg
2025-12-04_15-40-14,intruder_2025-12-04_15-40-14.jpg
2025-12-04_15-40-14,intruder_2025-12-04_15-40-14.jpg
2025-12-04_15-40-14,intruder_2025-12-04_15-40-14.jpg
2025-12-04_15-46-35,intruder_2025-12-04_15-46-35.jpg
2025-12-04_15-46-35,intruder_2025-12-04_15-46-35.jpg
2025-12-04_15-46-35,intruder_2025-12-04_15-46-35.jpg
2025-12-04_15-46-35,intruder_2025-12-04_15-46-35.jpg
2025-12-04_15-46-35,intruder_2025-12-04_15-46-35.jpg
2025-12-04_15-46-35,intruder_2025-12-04_15-46-35.jpg
2025-12-04_15-46-35,intruder_2025-12-04_15-46-35.jpg
2025-12-04_15-46-35,intruder_2025-12-04_15-46-35.jpg
2025-12-04_15-46-35,intruder_2025-12-04_15-46-35.jpg
2025-12-04_15-46-36,intruder_2025-12-04_15-46-36.jpg
2025-12-04_15-46-36,intruder_2025-12-04_15-46-36.jpg
2025-12-04_15-46-36,intruder_2025-12-04_15-46-36.jpg
2025-12-04_15-46-45,intruder_2025-12-04_15-46-45.jpg
2025-12-04_15-46-48,intruder_2025-12-04_15-46-48.jpg
2025-12-04_15-46-48,intruder_2025-12-04_15-46-48.jpg
2025-12-04_15-46-48,intruder_2025-12-04_15-46-48.jpg
2025-12-04_15-46-49,intruder_2025-12-04_15-46-49.jpg
2025-12-04_15-46-49,intruder_2025-12-04_15-46-49.jpg
2025-12-04_15-46-49,intruder_2025-12-04_15-46-49.jpg
2025-12-04_15-46-49,intruder_2025-12-04_15-46-49.jpg
2025-12-04_15-46-49,intruder_2025-12-04_15-46-49.jpg
2025-12-04_15-46-49,intruder_2025-12-04_15-46-49.jpg
2025-12-04_15-46-49,intruder_2025-12-04_15-46-49.jpg
2025-12-04_15-46-49,intruder_2025-12-04_15-46-49.jpg
2025-12-04_15-46-50,intruder_2025-12-04_15-46-50.jpg
2025-12-04_15-46-50,intruder_2025-12-04_15-46-50.jpg
2025-12-04_15-46-50,intruder_2025-12-04_15-46-50.jpg
2025-12-04_15-46-50,intruder_2025-12-04_15-46-50.jpg
2025-12-04_15-46-50,intruder_2025-12-04_15-46-50.jpg
2025-12-04_15-46-50,intruder_2025-12-04_15-46-50.jpg
2025-12-04_15-46-50,intruder_2025-12-04_15-46-50.jpg
2025-12-04_15-46-50,intruder_2025-12-04_15-46-50.jpg
2025-12-04_15-46-52,intruder_2025-12-04_15-46-52.jpg
2025-12-04_15-46-55,intruder_2025-12-04_15-46-55.jpg
2025-12-04_15-46-55,intruder_2025-12-04_15-46-55.jpg
2025-12-04_15-46-55,intruder_2025-12-04_15-46-55.jpg
2025-12-04_15-46-59,intruder_2025-12-04_15-46-59.jpg
2025-12-04_15-47-02,intruder_2025-12-04_15-47-02.jpg
2025-12-04_15-47-21,intruder_2025-12-04_15-47-21.jpg
2025-12-05_10-32-54,intruder_2025-12-05_10-32-54.jpg
2025-12-05_10-32-54,intruder_2025-12-05_10-32-54.jpg
2025-12-05_10-32-54,intruder_2025-12-05_10-32-54.jpg
2025-12-05_10-32-54,intruder_2025-12-05_10-32-54.jpg
2025-12-05_10-32-55,intruder_2025-12-05_10-32-55.jpg
2025-12-05_10-32-56,intruder_2025-12-05_10-32-56.jpg
2025-12-05_10-32-57,intruder_2025-12-05_10-32-57.jpg
2025-12-05_10-32-57,intruder_2025-12-05_10-32-57.jpg
2025-12-05_10-32-57,intruder_2025-12-05_10-32-57.jpg
2025-12-05_10-32-57,intruder_2025-12-05_10-32-57.jpg
2025-12-05_10-32-57,intruder_2025-12-05_10-32-57.jpg
2025-12-05_10-32-57,intruder_2025-12-05_10-32-57.jpg
2025-12-05_10-32-57,intruder_2025-12-05_10-32-57.jpg
2025-12-05_10-32-57,intruder_2025-12-05_10-32-57.jpg
2025-12-05_10-32-58,intruder_2025-12-05_10-32-58.jpg
2025-12-05_10-32-58,intruder_2025-12-05_10-32-58.jpg
2025-12-05_10-32-58,intruder_2025-12-05_10-32-58.jpg
2025-12-05_10-32-58,intruder_2025-12-05_10-32-58.jpg
2025-12-05_10-32-58,intruder_2025-12-05_10-32-58.jpg
2025-12-05_10-32-58,intruder_2025-12-05_10-32-58.jpg
2025-12-05_10-32-58,intruder_2025-12-05_10-32-58.jpg
2025-12-05_10-32-58,intruder_2025-12-05_10-32-58.jpg
2025-12-05_10-32-58,intruder_2025-12-05_10-32-58.jpg
2025-12-05_10-32-58,intruder_2025-12-05_10-32-58.jpg
2025-12-05_10-32-58,intruder_2025-12-05_10-32-58.jpg
2025-12-05_10-32-58,intruder_2025-12-05_10-32-58.jpg
2025-12-05_10-32-58,intruder_2025-12-05_10-32-58.jpg
2025-12-05_10-32-58,intruder_2025-12-05_10-32-58.jpg
2025-12-05_10-32-58,intruder_2025-12-05_10-32-58.jpg
2025-12-05_10-32-58,intruder_2025-12-05_10-32-58.jpg
2025-12-05_10-32-58,intruder_2025-12-05_10-32-58.jpg
2025-12-05_10-32-58,intruder_2025-12-05_10-32-58.jpg
2025-12-05_10-32-58,intruder_2025-12-05_10-32-58.jpg
2025-12-05_10-32-58,intruder_2025-12-05_10-32-58.jpg
2025-12-05_10-32-58,intruder_2025-12-05_10-32-58.jpg
2025-12-05_10-32-58,intruder_2025-12-05_10-32-58.jpg
2025-12-05_10-32-58,intruder_2025-12-05_10-32-58.jpg
2025-12-05_10-32-58,intruder_2025-12-05_10-32-58.jpg
2025-12-05_10-32-58,intruder_2025-12-05_10-32-58.jpg
2025-12-05_10-32-58,intruder_2025-12-05_10-32-58.jpg
2025-12-05_10-32-58,intruder_2025-12-05_10-32-58.jpg
2025-12-05_10-32-58,intruder_2025-12-05_10-32-58.jpg
2025-12-05_10-32-58,intruder_2025-12-05_10-32-58.jpg
2025-12-05_10-32-59,intruder_2025-12-05_10-32-59.jpg
2025-12-05_10-32-59,intruder_2025-12-05_10-32-59.jpg
2025-12-05_10-32-59,intruder_2025-12-05_10-32-59.jpg
2025-12-05_10-32-59,intruder_2025-12-05_10-32-59.jpg
2025-12-05_10-32-59,intruder_2025-12-05_10-32-59.jpg
2025-12-05_10-32-59,intruder_2025-12-05_10-32-59.jpg
2025-12-05_10-32-59,intruder_2025-12-05_10-32-59.jpg
2025-12-05_10-32-59,intruder_2025-12-05_10-32-59.jpg
2025-12-05_10-32-59,intruder_2025-12-05_10-32-59.jpg
2025-12-05_10-32-59,intruder_2025-12-05_10-32-59.jpg
2025-12-05_10-32-59,intruder_2025-12-05_10-32-59.jpg
2025-12-05_10-32-59,intruder_2025-12-05_10-32-59.jpg
2025-12-05_10-32-59,intruder_2025-12-05_10-32-59.jpg
2025-12-05_10-32-59,intruder_2025-12-05_10-32-59.jpg
2025-12-05_10-32-59,intruder_2025-12-05_10-32-59.jpg
2025-12-05_10-32-59,intruder_2025-12-05_10-32-59.jpg
2025-12-05_10-32-59,intruder_2025-12-05_10-32-59.jpg
2025-12-05_10-32-59,intruder_2025-12-05_10-32-59.jpg
2025-12-05_10-32-59,intruder_2025-12-05_10-32-59.jpg
2025-12-05_10-32-59,intruder_2025-12-05_10-32-59.jpg
2025-12-05_10-32-59,intruder_2025-12-05_10-32-59.jpg
2025-12-05_10-32-59,intruder_2025-12-05_10-32-59.jpg
2025-12-05_10-32-59,intruder_2025-12-05_10-32-59.jpg
2025-12-05_10-32-59,intruder_2025-12-05_10-32-59.jpg
2025-12-05_10-32-59,intruder_2025-12-05_10-32-59.jpg
2025-12-05_10-32-59,intruder_2025-12-05_10-32-59.jpg
2025-12-05_10-32-59,intruder_2025-12-05_10-32-59.jpg
2025-12-05_10-32-59,intruder_2025-12-05_10-32-59.jpg
2025-12-05_10-33-00,intruder_2025-12-05_10-33-00.jpg
2025-12-05_10-33-00,intruder_2025-12-05_10-33-00.jpg
2025-12-05_10-33-00,intruder_2025-12-05_10-33-00.jpg
2025-12-05_10-33-00,intruder_2025-12-05_10-33-00.jpg
2025-12-05_10-33-00,intruder_2025-12-05_10-33-00.jpg
2025-12-05_10-33-00,intruder_2025-12-05_10-33-00.jpg
2025-12-05_10-33-00,intruder_2025-12-05_10-33-00.jpg
2025-12-05_10-33-00,intruder_2025-12-05_10-33-00.jpg
2025-12-05_10-33-00,intruder_2025-12-05_10-33-00.jpg
2025-12-05_10-33-00,intruder_2025-12-05_10-33-00.jpg
2025-12-05_10-33-00,intruder_2025-12-05_10-33-00.jpg
2025-12-05_10-33-00,intruder_2025-12-05_10-33-00.jpg
2025-12-05_10-33-00,intruder_2025-12-05_10-33-00.jpg
2025-12-05_10-33-00,intruder_2025-12-05_10-33-00.jpg
2025-12-05_10-33-00,intruder_2025-12-05_10-33-00.jpg
2025-12-05_10-33-00,intruder_2025-12-05_10-33-00.jpg
2025-12-05_10-33-00,intruder_2025-12-05_10-33-00.jpg
2025-12-05_10-33-00,intruder_2025-12-05_10-33-00.jpg
2025-12-05_10-33-00,intruder_2025-12-05_10-33-00.jpg
2025-12-05_10-33-00,intruder_2025-12-05_10-33-00.jpg
2025-12-05_10-33-00,intruder_2025-12-05_10-33-00.jpg
2025-12-05_10-33-00,intruder_2025-12-05_10-33-00.jpg
2025-12-05_10-33-00,intruder_2025-12-05_10-33-00.jpg
2025-12-05_10-33-00,intruder_2025-12-05_10-33-00.jpg
2025-12-05_10-33-00,intruder_2025-12-05_10-33-00.jpg
2025-12-05_10-33-00,intruder_2025-12-05_10-33-00.jpg
2025-12-05_10-33-00,intruder_2025-12-05_10-33-00.jpg
2025-12-05_10-33-01,intruder_2025-12-05_10-33-01.jpg
2025-12-05_10-33-01,intruder_2025-12-05_10-33-01.jpg
2025-12-05_10-33-01,intruder_2025-12-05_10-33-01.jpg
2025-12-05_10-33-01,intruder_2025-12-05_10-33-01.jpg
2025-12-05_10-33-01,intruder_2025-12-05_10-33-01.jpg
2025-12-05_10-33-01,intruder_2025-12-05_10-33-01.jpg
2025-12-05_10-33-01,intruder_2025-12-05_10-33-01.jpg
2025-12-05_10-33-01,intruder_2025-12-05_10-33-01.jpg
2025-12-05_10-33-01,intruder_2025-12-05_10-33-01.jpg
2025-12-05_10-33-01,intruder_2025-12-05_10-33-01.jpg
2025-12-05_10-33-01,intruder_2025-12-05_10-33-01.jpg
2025-12-05_10-33-01,intruder_2025-12-05_10-33-01.jpg
2025-12-05_10-33-01,intruder_2025-12-05_10-33-01.jpg
2025-12-05_10-33-01,intruder_2025-12-05_10-33-01.jpg
2025-12-05_10-33-01,intruder_2025-12-05_10-33-01.jpg
2025-12-05_10-33-01,intruder_2025-12-05_10-33-01.jpg
2025-12-05_10-33-01,intruder_2025-12-05_10-33-01.jpg
2025-12-05_10-33-01,intruder_2025-12-05_10-33-01.jpg
2025-12-05_10-33-01,intruder_2025-12-05_10-33-01.jpg
2025-12-05_10-33-01,intruder_2025-12-05_10-33-01.jpg
2025-12-05_10-33-01,intruder_2025-12-05_10-33-01.jpg
2025-12-05_10-33-01,intruder_2025-12-05_10-33-01.jpg
2025-12-05_10-33-01,intruder_2025-12-05_10-33-01.jpg
2025-12-05_10-33-01,intruder_2025-12-05_10-33-01.jpg
2025-12-05_10-33-01,intruder_2025-12-05_10-33-01.jpg
2025-12-05_10-33-01,intruder_2025-12-05_10-33-01.jpg
2025-12-05_10-33-01,intruder_2025-12-05_10-33-01.jpg
2025-12-05_10-33-01,intruder_2025-12-05_10-33-01.jpg
2025-12-05_10-33-01,intruder_2025-12-05_10-33-01.jpg
2025-12-05_10-33-02,intruder_2025-12-05_10-33-02.jpg
2025-12-05_10-33-02,intruder_2025-12-05_10-33-02.jpg
2025-12-05_10-33-02,intruder_2025-12-05_10-33-02.jpg
2025-12-05_10-33-02,intruder_2025-12-05_10-33-02.jpg
2025-12-05_10-33-02,intruder_2025-12-05_10-33-02.jpg
2025-12-05_10-33-02,intruder_2025-12-05_10-33-02.jpg
2025-12-05_10-33-02,intruder_2025-12-05_10-33-02.jpg
2025-12-05_10-33-02,intruder_2025-12-05_10-33-02.jpg
2025-12-05_10-33-02,intruder_2025-12-05_10-33-02.jpg
2025-12-05_10-33-02,intruder_2025-12-05_10-33-02.jpg
2025-12-05_10-33-02,intruder_2025-12-05_10-33-02.jpg
2025-12-05_10-33-02,intruder_2025-12-05_10-33-02.jpg
2025-12-05_10-33-02,intruder_2025-12-05_10-33-02.jpg
2025-12-05_10-33-02,intruder_2025-12-05_10-33-02.jpg
2025-12-05_10-33-02,intruder_2025-12-05_10-33-02.jpg
2025-12-05_10-33-02,intruder_2025-12-05_10-33-02.jpg
2025-12-05_10-33-02,intruder_2025-12-05_10-33-02.jpg
2025-12-05_10-33-02,intruder_2025-12-05_10-33-02.jpg
2025-12-05_10-33-02,intruder_2025-12-05_10-33-02.jpg
2025-12-05_10-33-02,intruder_2025-12-05_10-33-02.jpg
2025-12-05_10-33-02,intruder_2025-12-05_10-33-02.jpg
2025-12-05_10-33-02,intruder_2025-12-05_10-33-02.jpg
2025-12-05_10-33-02,intruder_2025-12-05_10-33-02.jpg
2025-12-05_10-33-02,intruder_2025-12-05_10-33-02.jpg
2025-12-05_10-33-02,intruder_2025-12-05_10-33-02.jpg
2025-12-05_10-33-02,intruder_2025-12-05_10-33-02.jpg
2025-12-05_10-33-02,intruder_2025-12-05_10-33-02.jpg
2025-12-05_10-33-02,intruder_2025-12-05_10-33-02.jpg
2025-12-05_10-33-03,intruder_2025-12-05_10-33-03.jpg
2025-12-05_10-33-03,intruder_2025-12-05_10-33-03.jpg
2025-12-05_10-33-03,intruder_2025-12-05_10-33-03.jpg
2025-12-05_10-33-03,intruder_2025-12-05_10-33-03.jpg
2025-12-05_10-33-03,intruder_2025-12-05_10-33-03.jpg
2025-12-05_10-33-03,intruder_2025-12-05_10-33-03.jpg
2025-12-05_10-33-03,intruder_2025-12-05_10-33-03.jpg
2025-12-05_10-33-03,intruder_2025-12-05_10-33-03.jpg
2025-12-05_10-33-03,intruder_2025-12-05_10-33-03.jpg
2025-12-05_10-33-03,intruder_2025-12-05_10-33-03.jpg
2025-12-05_10-33-03,intruder_2025-12-05_10-33-03.jpg
2025-12-05_10-33-03,intruder_2025-12-05_10-33-03.jpg
2025-12-05_10-33-03,intruder_2025-12-05_10-33-03.jpg
2025-12-05_10-33-03,intruder_2025-12-05_10-33-03.jpg
2025-12-05_10-33-03,intruder_2025-12-05_10-33-03.jpg
2025-12-05_10-33-03,intruder_2025-12-05_10-33-03.jpg
2025-12-05_10-33-03,intruder_2025-12-05_10-33-03.jpg
2025-12-05_10-33-03,intruder_2025-12-05_10-33-03.jpg
2025-12-05_10-33-03,intruder_2025-12-05_10-33-03.jpg
2025-12-05_10-33-03,intruder_2025-12-05_10-33-03.jpg
2025-12-05_10-33-03,intruder_2025-12-05_10-33-03.jpg
2025-12-05_10-33-03,intruder_2025-12-05_10-33-03.jpg
2025-12-05_10-33-04,intruder_2025-12-05_10-33-04.jpg
2025-12-05_10-33-04,intruder_2025-12-05_10-33-04.jpg
2025-12-05_10-33-04,intruder_2025-12-05_10-33-04.jpg
2025-12-05_10-33-04,intruder_2025-12-05_10-33-04.jpg
2025-12-05_10-33-04,intruder_2025-12-05_10-33-04.jpg
2025-12-05_10-33-04,intruder_2025-12-05_10-33-04.jpg
2025-12-05_10-33-04,intruder_2025-12-05_10-33-04.jpg
2025-12-05_10-33-04,intruder_2025-12-05_10-33-04.jpg
2025-12-05_10-33-04,intruder_2025-12-05_10-33-04.jpg
2025-12-05_10-33-04,intruder_2025-12-05_10-33-04.jpg
2025-12-05_10-33-04,intruder_2025-12-05_10-33-04.jpg
2025-12-05_10-33-04,intruder_2025-12-05_10-33-04.jpg
2025-12-05_10-33-04,intruder_2025-12-05_10-33-04.jpg
2025-12-05_10-33-04,intruder_2025-12-05_10-33-04.jpg
2025-12-05_10-33-04,intruder_2025-12-05_10-33-04.jpg
2025-12-05_10-33-04,intruder_2025-12-05_10-33-04.jpg
2025-12-05_10-33-04,intruder_2025-12-05_10-33-04.jpg
2025-12-05_10-33-04,intruder_2025-12-05_10-33-04.jpg
2025-12-05_10-33-04,intruder_2025-12-05_10-33-04.jpg
2025-12-05_10-33-04,intruder_2025-12-05_10-33-04.jpg
2025-12-05_10-33-04,intruder_2025-12-05_10-33-04.jpg
2025-12-05_10-33-04,intruder_2025-12-05_10-33-04.jpg
2025-12-05_10-33-04,intruder_2025-12-05_10-33-04.jpg
2025-12-05_10-33-04,intruder_2025-12-05_10-33-04.jpg
2025-12-05_10-33-04,intruder_2025-12-05_10-33-04.jpg
2025-12-05_10-33-04,intruder_2025-12-05_10-33-04.jpg
2025-12-05_10-33-05,intruder_2025-12-05_10-33-05.jpg
2025-12-05_10-33-05,intruder_2025-12-05_10-33-05.jpg
2025-12-05_10-33-05,intruder_2025-12-05_10-33-05.jpg
2025-12-05_10-33-05,intruder_2025-12-05_10-33-05.jpg
2025-12-05_10-33-05,intruder_2025-12-05_10-33-05.jpg
2025-12-05_10-33-05,intruder_2025-12-05_10-33-05.jpg
2025-12-05_10-33-05,intruder_2025-12-05_10-33-05.jpg
2025-12-05_10-33-05,intruder_2025-12-05_10-33-05.jpg
2025-12-05_10-33-05,intruder_2025-12-05_10-33-05.jpg
2025-12-05_10-33-05,intruder_2025-12-05_10-33-05.jpg
2025-12-05_10-33-07,intruder_2025-12-05_10-33-07.jpg
2025-12-05_10-33-07,intruder_2025-12-05_10-33-07.jpg
2025-12-05_10-33-07,intruder_2025-12-05_10-33-07.jpg
2025-12-05_10-33-07,intruder_2025-12-05_10-33-07.jpg
2025-12-05_10-33-07,intruder_2025-12-05_10-33-07.jpg
2025-12-05_10-33-07,intruder_2025-12-05_10-33-07.jpg
2025-12-05_10-33-07,intruder_2025-12-05_10-33-07.jpg
2025-12-05_10-33-07,intruder_2025-12-05_10-33-07.jpg
2025-12-05_10-33-07,intruder_2025-12-05_10-33-07.jpg
2025-12-05_10-33-07,intruder_2025-12-05_10-33-07.jpg
2025-12-05_10-33-07,intruder_2025-12-05_10-33-07.jpg
2025-12-05_10-33-07,intruder_2025-12-05_10-33-07.jpg
2025-12-05_10-33-07,intruder_2025-12-05_10-33-07.jpg
2025-12-05_10-33-07,intruder_2025-12-05_10-33-07.jpg
2025-12-05_10-33-07,intruder_2025-12-05_10-33-07.jpg
2025-12-05_10-33-07,intruder_2025-12-05_10-33-07.jpg
2025-12-05_10-33-07,intruder_2025-12-05_10-33-07.jpg
2025-12-05_10-33-07,intruder_2025-12-05_10-33-07.jpg
2025-12-05_10-33-07,intruder_2025-12-05_10-33-07.jpg
2025-12-05_10-33-07,intruder_2025-12-05_10-33-07.jpg
2025-12-05_10-33-07,intruder_2025-12-05_10-33-07.jpg
2025-12-05_10-33-07,intruder_2025-12-05_10-33-07.jpg
2025-12-05_10-33-08,intruder_2025-12-05_10-33-08.jpg
2025-12-05_10-33-08,intruder_2025-12-05_10-33-08.jpg
2025-12-05_10-33-08,intruder_2025-12-05_10-33-08.jpg
2025-12-05_10-33-08,intruder_2025-12-05_10-33-08.jpg
2025-12-05_10-33-08,intruder_2025-12-05_10-33-08.jpg
2025-12-05_10-33-08,intruder_2025-12-05_10-33-08.jpg
2025-12-05_10-33-08,intruder_2025-12-05_10-33-08.jpg
2025-12-05_10-33-08,intruder_2025-12-05_10-33-08.jpg
2025-12-05_10-33-08,intruder_2025-12-05_10-33-08.jpg
2025-12-05_10-33-08,intruder_2025-12-05_10-33-08.jpg
2025-12-05_10-33-08,intruder_2025-12-05_10-33-08.jpg
2025-12-05_10-33-08,intruder_2025-12-05_10-33-08.jpg
2025-12-05_10-33-08,intruder_2025-12-05_10-33-08.jpg
2025-12-05_10-33-08,intruder_2025-12-05_10-33-08.jpg
2025-12-05_10-33-08,intruder_2025-12-05_10-33-08.jpg
2025-12-05_10-33-08,intruder_2025-12-05_10-33-08.jpg
2025-12-05_10-33-08,intruder_2025-12-05_10-33-08.jpg
2025-12-05_10-33-08,intruder_2025-12-05_10-33-08.jpg
2025-12-05_10-33-08,intruder_2025-12-05_10-33-08.jpg
2025-12-05_10-33-08,intruder_2025-12-05_10-33-08.jpg
2025-12-05_10-33-08,intruder_2025-12-05_10-33-08.jpg
2025-12-05_10-33-08,intruder_2025-12-05_10-33-08.jpg
2025-12-05_10-33-08,intruder_2025-12-05_10-33-08.jpg
2025-12-05_10-33-08,intruder_2025-12-05_10-33-08.jpg
2025-12-05_10-33-08,intruder_2025-12-05_10-33-08.jpg
2025-12-05_10-33-08,intruder_2025-12-05_10-33-08.jpg
2025-12-05_10-33-08,intruder_2025-12-05_10-33-08.jpg
2025-12-05_10-33-08,intruder_2025-12-05_10-33-08.jpg
2025-12-05_10-33-08,intruder_2025-12-05_10-33-08.jpg
2025-12-05_10-33-09,intruder_2025-12-05_10-33-09.jpg
2025-12-05_10-33-09,intruder_2025-12-05_10-33-09.jpg
2025-12-05_10-33-09,intruder_2025-12-05_10-33-09.jpg
2025-12-05_10-33-09,intruder_2025-12-05_10-33-09.jpg
2025-12-05_10-33-09,intruder_2025-12-05_10-33-09.jpg
2025-12-05_10-33-09,intruder_2025-12-05_10-33-09.jpg
2025-12-05_10-33-09,intruder_2025-12-05_10-33-09.jpg
2025-12-05_10-33-09,intruder_2025-12-05_10-33-09.jpg
2025-12-05_10-33-09,intruder_2025-12-05_10-33-09.jpg
2025-12-05_10-33-09,intruder_2025-12-05_10-33-09.jpg
2025-12-05_10-33-09,intruder_2025-12-05_10-33-09.jpg
2025-12-05_10-33-09,intruder_2025-12-05_10-33-09.jpg
2025-12-05_10-33-09,intruder_2025-12-05_10-33-09.jpg
2025-12-05_10-33-09,intruder_2025-12-05_10-33-09.jpg
2025-12-05_10-33-09,intruder_2025-12-05_10-33-09.jpg
2025-12-05_10-33-09,intruder_2025-12-05_10-33-09.jpg
2025-12-05_10-33-09,intruder_2025-12-05_10-33-09.jpg
2025-12-05_10-33-09,intruder_2025-12-05_10-33-09.jpg
2025-12-05_10-33-09,intruder_2025-12-05_10-33-09.jpg
2025-12-05_10-33-09,intruder_2025-12-05_10-33-09.jpg
2025-12-05_10-33-09,intruder_2025-12-05_10-33-09.jpg
2025-12-05_10-33-09,intruder_2025-12-05_10-33-09.jpg
2025-12-05_10-33-09,intruder_2025-12-05_10-33-09.jpg
2025-12-05_10-33-09,intruder_2025-12-05_10-33-09.jpg
2025-12-05_10-33-09,intruder_2025-12-05_10-33-09.jpg
2025-12-05_10-33-09,intruder_2025-12-05_10-33-09.jpg
2025-12-05_10-33-09,intruder_2025-12-05_10-33-09.jpg
2025-12-05_10-33-09,intruder_2025-12-05_10-33-09.jpg
2025-12-05_10-33-10,intruder_2025-12-05_10-33-10.jpg
2025-12-05_10-33-10,intruder_2025-12-05_10-33-10.jpg
2025-12-05_10-33-10,intruder_2025-12-05_10-33-10.jpg
2025-12-05_10-33-10,intruder_2025-12-05_10-33-10.jpg
2025-12-05_10-33-10,intruder_2025-12-05_10-33-10.jpg
2025-12-05_10-33-10,intruder_2025-12-05_10-33-10.jpg
2025-12-05_10-33-10,intruder_2025-12-05_10-33-10.jpg
2025-12-05_10-33-10,intruder_2025-12-05_10-33-10.jpg
2025-12-05_10-33-10,intruder_2025-12-05_10-33-10.jpg
2025-12-05_10-33-10,intruder_2025-12-05_10-33-10.jpg
2025-12-05_10-33-10,intruder_2025-12-05_10-33-10.jpg
2025-12-05_10-33-10,intruder_2025-12-05_10-33-10.jpg
2025-12-05_10-33-10,intruder_2025-12-05_10-33-10.jpg
2025-12-05_10-33-10,intruder_2025-12-05_10-33-10.jpg
2025-12-05_10-33-10,intruder_2025-12-05_10-33-10.jpg
2025-12-05_10-33-10,intruder_2025-12-05_10-33-10.jpg
2025-12-05_10-33-10,intruder_2025-12-05_10-33-10.jpg
2025-12-05_10-33-10,intruder_2025-12-05_10-33-10.jpg
2025-12-05_10-33-10,intruder_2025-12-05_10-33-10.jpg
2025-12-05_10-33-10,intruder_2025-12-05_10-33-10.jpg
2025-12-05_10-33-11,intruder_2025-12-05_10-33-11.jpg
2025-12-05_10-33-11,intruder_2025-12-05_10-33-11.jpg
2025-12-05_10-33-11,intruder_2025-12-05_10-33-11.jpg
2025-12-05_10-33-11,intruder_2025-12-05_10-33-11.jpg
2025-12-05_10-33-11,intruder_2025-12-05_10-33-11.jpg
2025-12-05_10-33-11,intruder_2025-12-05_10-33-11.jpg
2025-12-05_10-33-11,intruder_2025-12-05_10-33-11.jpg
2025-12-05_10-33-11,intruder_2025-12-05_10-33-11.jpg
2025-12-05_10-33-11,intruder_2025-12-05_10-33-11.jpg
2025-12-05_10-33-11,intruder_2025-12-05_10-33-11.jpg
2025-12-05_10-33-11,intruder_2025-12-05_10-33-11.jpg
2025-12-05_10-33-12,intruder_2025-12-05_10-33-12.jpg
2025-12-05_10-33-12,intruder_2025-12-05_10-33-12.jpg
2025-12-05_10-33-12,intruder_2025-12-05_10-33-12.jpg
2025-12-05_10-33-12,intruder_2025-12-05_10-33-12.jpg
2025-12-05_10-33-12,intruder_2025-12-05_10-33-12.jpg
2025-12-05_10-33-12,intruder_2025-12-05_10-33-12.jpg
2025-12-05_10-33-12,intruder_2025-12-05_10-33-12.jpg
2025-12-05_10-33-12,intruder_2025-12-05_10-33-12.jpg
2025-12-05_10-33-12,intruder_2025-12-05_10-33-12.jpg
2025-12-05_10-33-13,intruder_2025-12-05_10-33-13.jpg
2025-12-05_10-33-13,intruder_2025-12-05_10-33-13.jpg
2025-12-05_10-33-13,intruder_2025-12-05_10-33-13.jpg
2025-12-05_10-33-13,intruder_2025-12-05_10-33-13.jpg
2025-12-05_10-33-13,intruder_2025-12-05_10-33-13.jpg
2025-12-05_10-33-13,intruder_2025-12-05_10-33-13.jpg
2025-12-05_10-33-13,intruder_2025-12-05_10-33-13.jpg
2025-12-05_10-33-13,intruder_2025-12-05_10-33-13.jpg
2025-12-05_10-33-13,intruder_2025-12-05_10-33-13.jpg
2025-12-05_10-33-13,intruder_2025-12-05_10-33-13.jpg
2025-12-05_10-33-13,intruder_2025-12-05_10-33-13.jpg
2025-12-05_10-33-13,intruder_2025-12-05_10-33-13.jpg
2025-12-05_10-33-13,intruder_2025-12-05_10-33-13.jpg
2025-12-05_10-33-13,intruder_2025-12-05_10-33-13.jpg
2025-12-05_10-33-13,intruder_2025-12-05_10-33-13.jpg
2025-12-05_10-33-13,intruder_2025-12-05_10-33-13.jpg
2025-12-05_10-33-13,intruder_2025-12-05_10-33-13.jpg
2025-12-05_10-33-13,intruder_2025-12-05_10-33-13.jpg
2025-12-05_10-33-13,intruder_2025-12-05_10-33-13.jpg
2025-12-05_10-33-13,intruder_2025-12-05_10-33-13.jpg
2025-12-05_10-33-13,intruder_2025-12-05_10-33-13.jpg
2025-12-05_10-33-13,intruder_2025-12-05_10-33-13.jpg
2025-12-05_10-33-13,intruder_2025-12-05_10-33-13.jpg
2025-12-05_10-33-13,intruder_2025-12-05_10-33-13.jpg
2025-12-05_10-33-13,intruder_2025-12-05_10-33-13.jpg
2025-12-05_10-33-13,intruder_2025-12-05_10-33-13.jpg
2025-12-05_10-33-13,intruder_2025-12-05_10-33-13.jpg
2025-12-05_10-33-14,intruder_2025-12-05_10-33-14.jpg
2025-12-05_10-33-14,intruder_2025-12-05_10-33-14.jpg
2025-12-05_10-33-14,intruder_2025-12-05_10-33-14.jpg
2025-12-05_10-33-14,intruder_2025-12-05_10-33-14.jpg
2025-12-05_10-33-14,intruder_2025-12-05_10-33-14.jpg
2025-12-05_10-33-14,intruder_2025-12-05_10-33-14.jpg
2025-12-05_10-33-14,intruder_2025-12-05_10-33-14.jpg
2025-12-05_10-33-14,intruder_2025-12-05_10-33-14.jpg
2025-12-05_10-33-14,intruder_2025-12-05_10-33-14.jpg
2025-12-05_10-33-14,intruder_2025-12-05_10-33-14.jpg
2025-12-05_10-33-14,intruder_2025-12-05_10-33-14.jpg
2025-12-05_10-33-14,intruder_2025-12-05_10-33-14.jpg
2025-12-05_10-33-14,intruder_2025-12-05_10-33-14.jpg
2025-12-05_10-33-14,intruder_2025-12-05_10-33-14.jpg
2025-12-05_10-33-14,intruder_2025-12-05_10-33-14.jpg
2025-12-05_10-33-14,intruder_2025-12-05_10-33-14.jpg
2025-12-05_10-33-14,intruder_2025-12-05_10-33-14.jpg
2025-12-05_10-33-14,intruder_2025-12-05_10-33-14.jpg
2025-12-05_10-33-14,intruder_2025-12-05_10-33-14.jpg
2025-12-05_10-33-14,intruder_2025-12-05_10-33-14.jpg
2025-12-05_10-33-14,intruder_2025-12-05_10-33-14.jpg
2025-12-05_10-33-14,intruder_2025-12-05_10-33-14.jpg
2025-12-05_10-33-14,intruder_2025-12-05_10-33-14.jpg
2025-12-05_10-33-15,intruder_2025-12-05_10-33-15.jpg
2025-12-05_10-33-15,intruder_2025-12-05_10-33-15.jpg
2025-12-05_10-33-15,intruder_2025-12-05_10-33-15.jpg
2025-12-05_10-33-15,intruder_2025-12-05_10-33-15.jpg
2025-12-05_10-33-15,intruder_2025-12-05_10-33-15.jpg
2025-12-05_10-33-15,intruder_2025-12-05_10-33-15.jpg
2025-12-05_10-33-15,intruder_2025-12-05_10-33-15.jpg
2025-12-05_10-33-15,intruder_2025-12-05_10-33-15.jpg
2025-12-05_10-33-15,intruder_2025-12-05_10-33-15.jpg
2025-12-05_10-33-15,intruder_2025-12-05_10-33-15.jpg
2025-12-05_10-33-16,intruder_2025-12-05_10-33-16.jpg
2025-12-05_10-33-16,intruder_2025-12-05_10-33-16.jpg
2025-12-05_10-33-16,intruder_2025-12-05_10-33-16.jpg
2025-12-05_10-33-16,intruder_2025-12-05_10-33-16.jpg
2025-12-05_10-33-16,intruder_2025-12-05_10-33-16.jpg
2025-12-05_10-33-16,intruder_2025-12-05_10-33-16.jpg
2025-12-05_10-33-16,intruder_2025-12-05_10-33-16.jpg
2025-12-05_10-33-16,intruder_2025-12-05_10-33-16.jpg
2025-12-05_10-33-16,intruder_2025-12-05_10-33-16.jpg
2025-12-05_10-33-16,intruder_2025-12-05_10-33-16.jpg
2025-12-05_10-33-16,intruder_2025-12-05_10-33-16.jpg
2025-12-05_10-33-16,intruder_2025-12-05_10-33-16.jpg
2025-12-05_10-33-16,intruder_2025-12-05_10-33-16.jpg
2025-12-05_10-33-16,intruder_2025-12-05_10-33-16.jpg
2025-12-05_10-33-16,intruder_2025-12-05_10-33-16.jpg
2025-12-05_10-33-16,intruder_2025-12-05_10-33-16.jpg
2025-12-05_10-33-16,intruder_2025-12-05_10-33-16.jpg
2025-12-05_10-33-17,intruder_2025-12-05_10-33-17.jpg
2025-12-05_10-33-17,intruder_2025-12-05_10-33-17.jpg
2025-12-05_10-33-17,intruder_2025-12-05_10-33-17.jpg
2025-12-05_10-33-17,intruder_2025-12-05_10-33-17.jpg
2025-12-05_10-33-17,intruder_2025-12-05_10-33-17.jpg
2025-12-05_10-33-17,intruder_2025-12-05_10-33-17.jpg
2025-12-05_10-33-17,intruder_2025-12-05_10-33-17.jpg
2025-12-05_10-33-17,intruder_2025-12-05_10-33-17.jpg
2025-12-05_10-33-17,intruder_2025-12-05_10-33-17.jpg
2025-12-05_10-33-17,intruder_2025-12-05_10-33-17.jpg
2025-12-05_10-33-17,intruder_2025-12-05_10-33-17.jpg
2025-12-05_10-33-17,intruder_2025-12-05_10-33-17.jpg
2025-12-05_10-33-17,intruder_2025-12-05_10-33-17.jpg
2025-12-05_10-33-17,intruder_2025-12-05_10-33-17.jpg
2025-12-05_10-33-17,intruder_2025-12-05_10-33-17.jpg
2025-12-05_10-33-17,intruder_2025-12-05_10-33-17.jpg
2025-12-05_10-33-17,intruder_2025-12-05_10-33-17.jpg
2025-12-05_10-33-17,intruder_2025-12-05_10-33-17.jpg
2025-12-05_10-33-17,intruder_2025-12-05_10-33-17.jpg
2025-12-05_10-33-17,intruder_2025-12-05_10-33-17.jpg
2025-12-05_10-33-17,intruder_2025-12-05_10-33-17.jpg
2025-12-05_10-33-17,intruder_2025-12-05_10-33-17.jpg
2025-12-05_10-33-17,intruder_2025-12-05_10-33-17.jpg
2025-12-05_10-33-17,intruder_2025-12-05_10-33-17.jpg
2025-12-05_10-33-17,intruder_2025-12-05_10-33-17.jpg
2025-12-05_10-33-17,intruder_2025-12-05_10-33-17.jpg
2025-12-05_10-33-17,intruder_2025-12-05_10-33-17.jpg
2025-12-05_10-33-18,intruder_2025-12-05_10-33-18.jpg
2025-12-05_10-33-18,intruder_2025-12-05_10-33-18.jpg
2025-12-05_10-33-18,intruder_2025-12-05_10-33-18.jpg
2025-12-05_10-33-18,intruder_2025-12-05_10-33-18.jpg
2025-12-05_10-33-18,intruder_2025-12-05_10-33-18.jpg
2025-12-05_10-33-18,intruder_2025-12-05_10-33-18.jpg
2025-12-05_10-33-18,intruder_2025-12-05_10-33-18.jpg
2025-12-05_10-33-18,intruder_2025-12-05_10-33-18.jpg
2025-12-05_10-33-18,intruder_2025-12-05_10-33-18.jpg
2025-12-05_10-33-18,intruder_2025-12-05_10-33-18.jpg
2025-12-05_10-33-18,intruder_2025-12-05_10-33-18.jpg
2025-12-05_10-33-18,intruder_2025-12-05_10-33-18.jpg
2025-12-05_10-33-18,intruder_2025-12-05_10-33-18.jpg
2025-12-05_10-33-18,intruder_2025-12-05_10-33-18.jpg
2025-12-05_10-33-18,intruder_2025-12-05_10-33-18.jpg
2025-12-05_10-33-18,intruder_2025-12-05_10-33-18.jpg
2025-12-05_10-33-18,intruder_2025-12-05_10-33-18.jpg
2025-12-05_10-33-18,intruder_2025-12-05_10-33-18.jpg
2025-12-05_10-33-18,intruder_2025-12-05_10-33-18.jpg
2025-12-05_10-33-18,intruder_2025-12-05_10-33-18.jpg
2025-12-05_10-33-19,intruder_2025-12-05_10-33-19.jpg
2025-12-05_10-33-19,intruder_2025-12-05_10-33-19.jpg
2025-12-05_10-33-19,intruder_2025-12-05_10-33-19.jpg
2025-12-05_10-33-19,intruder_2025-12-05_10-33-19.jpg
2025-12-05_10-33-19,intruder_2025-12-05_10-33-19.jpg
2025-12-05_10-33-19,intruder_2025-12-05_10-33-19.jpg
2025-12-05_10-33-19,intruder_2025-12-05_10-33-19.jpg
2025-12-05_10-33-19,intruder_2025-12-05_10-33-19.jpg
2025-12-05_10-33-19,intruder_2025-12-05_10-33-19.jpg
2025-12-05_10-33-19,intruder_2025-12-05_10-33-19.jpg
2025-12-05_10-33-19,intruder_2025-12-05_10-33-19.jpg
2025-12-05_10-33-19,intruder_2025-12-05_10-33-19.jpg
2025-12-05_10-33-19,intruder_2025-12-05_10-33-19.jpg
2025-12-05_10-33-19,intruder_2025-12-05_10-33-19.jpg
2025-12-05_10-33-19,intruder_2025-12-05_10-33-19.jpg
2025-12-05_10-33-19,intruder_2025-12-05_10-33-19.jpg
2025-12-05_10-33-19,intruder_2025-12-05_10-33-19.jpg
2025-12-05_10-33-19,intruder_2025-12-05_10-33-19.jpg
2025-12-05_10-33-19,intruder_2025-12-05_10-33-19.jpg
2025-12-05_10-33-19,intruder_2025-12-05_10-33-19.jpg
2025-12-05_10-33-19,intruder_2025-12-05_10-33-19.jpg
2025-12-05_10-33-19,intruder_2025-12-05_10-33-19.jpg
2025-12-05_10-33-20,intruder_2025-12-05_10-33-20.jpg
2025-12-05_10-33-20,intruder_2025-12-05_10-33-20.jpg
2025-12-05_10-33-20,intruder_2025-12-05_10-33-20.jpg
2025-12-05_10-33-20,intruder_2025-12-05_10-33-20.jpg
2025-12-05_10-33-21,intruder_2025-12-05_10-33-21.jpg
2025-12-05_10-33-21,intruder_2025-12-05_10-33-21.jpg
2025-12-05_10-33-25,intruder_2025-12-05_10-33-25.jpg
2025-12-05_10-33-26,intruder_2025-12-05_10-33-26.jpg
2025-12-05_10-33-27,intruder_2025-12-05_10-33-27.jpg
2025-12-05_10-33-27,intruder_2025-12-05_10-33-27.jpg
2025-12-05_10-33-27,intruder_2025-12-05_10-33-27.jpg
2025-12-05_10-33-27,intruder_2025-12-05_10-33-27.jpg
2025-12-05_10-33-27,intruder_2025-12-05_10-33-27.jpg
2025-12-05_10-33-27,intruder_2025-12-05_10-33-27.jpg
2025-12-05_10-33-27,intruder_2025-12-05_10-33-27.jpg
2025-12-05_10-33-28,intruder_2025-12-05_10-33-28.jpg
2025-12-05_10-33-28,intruder_2025-12-05_10-33-28.jpg
2025-12-05_10-33-28,intruder_2025-12-05_10-33-28.jpg
2025-12-05_10-33-28,intruder_2025-12-05_10-33-28.jpg
2025-12-05_10-33-28,intruder_2025-12-05_10-33-28.jpg
2025-12-05_10-33-30,intruder_2025-12-05_10-33-30.jpg
2025-12-05_10-33-30,intruder_2025-12-05_10-33-30.jpg
2025-12-05_10-33-33,intruder_2025-12-05_10-33-33.jpg
2025-12-05_10-33-34,intruder_2025-12-05_10-33-34.jpg
2025-12-05_10-33-34,intruder_2025-12-05_10-33-34.jpg
2025-12-05_10-33-34,intruder_2025-12-05_10-33-34.jpg
2025-12-05_10-33-36,intruder_2025-12-05_10-33-36.jpg
2025-12-05_10-33-36,intruder_2025-12-05_10-33-36.jpg
2025-12-05_10-33-36,intruder_2025-12-05_10-33-36.jpg
2025-12-05_10-33-36,intruder_2025-12-05_10-33-36.jpg
2025-12-05_10-33-36,intruder_2025-12-05_10-33-36.jpg
2025-12-05_10-33-36,intruder_2025-12-05_10-33-36.jpg
2025-12-05_10-33-38,intruder_2025-12-05_10-33-38.jpg
2025-12-05_10-33-38,intruder_2025-12-05_10-33-38.jpg
2025-12-05_10-33-38,intruder_2025-12-05_10-33-38.jpg
2025-12-05_10-33-38,intruder_2025-12-05_10-33-38.jpg
2025-12-05_10-33-38,intruder_2025-12-05_10-33-38.jpg
2025-12-05_10-33-38,intruder_2025-12-05_10-33-38.jpg
2025-12-05_10-33-38,intruder_2025-12-05_10-33-38.jpg
2025-12-05_10-33-38,intruder_2025-12-05_10-33-38.jpg
2025-12-05_10-33-38,intruder_2025-12-05_10-33-38.jpg
2025-12-05_10-33-39,intruder_2025-12-05_10-33-39.jpg
2025-12-05_10-33-39,intruder_2025-12-05_10-33-39.jpg
2025-12-05_10-33-39,intruder_2025-12-05_10-33-39.jpg
2025-12-05_10-33-39,intruder_2025-12-05_10-33-39.jpg
2025-12-05_10-33-39,intruder_2025-12-05_10-33-39.jpg
2025-12-05_10-33-39,intruder_2025-12-05_10-33-39.jpg
2025-12-05_10-33-39,intruder_2025-12-05_10-33-39.jpg
2025-12-05_10-33-39,intruder_2025-12-05_10-33-39.jpg
2025-12-05_10-33-39,intruder_2025-12-05_10-33-39.jpg
2025-12-05_10-33-39,intruder_2025-12-05_10-33-39.jpg
2025-12-05_10-33-39,intruder_2025-12-05_10-33-39.jpg
2025-12-05_10-33-39,intruder_2025-12-05_10-33-39.jpg
2025-12-05_10-33-39,intruder_2025-12-05_10-33-39.jpg
2025-12-05_10-33-39,intruder_2025-12-05_10-33-39.jpg
2025-12-05_10-33-39,intruder_2025-12-05_10-33-39.jpg
2025-12-05_10-33-39,intruder_2025-12-05_10-33-39.jpg
2025-12-05_10-33-39,intruder_2025-12-05_10-33-39.jpg
2025-12-05_11-39-28,intruder_2025-12-05_11-39-28.jpg
2025-12-05_11-39-28,intruder_2025-12-05_11-39-28.jpg
2025-12-05_11-39-29,intruder_2025-12-05_11-39-29.jpg
2025-12-05_11-39-31,intruder_2025-12-05_11-39-31.jpg
2025-12-05_11-39-31,intruder_2025-12-05_11-39-31.jpg
2025-12-05_11-39-31,intruder_2025-12-05_11-39-31.jpg
2025-12-05_11-39-32,intruder_2025-12-05_11-39-32.jpg
2025-12-05_11-39-39,intruder_2025-12-05_11-39-39.jpg
2025-12-05_11-39-39,intruder_2025-12-05_11-39-39.jpg
2025-12-05_11-39-40,intruder_2025-12-05_11-39-40.jpg
2025-12-05_11-39-40,intruder_2025-12-05_11-39-40.jpg
2025-12-05_11-39-40,intruder_2025-12-05_11-39-40.jpg
2025-12-05_11-39-40,intruder_2025-12-05_11-39-40.jpg
2025-12-05_11-39-41,intruder_2025-12-05_11-39-41.jpg
2025-12-05_11-39-42,intruder_2025-12-05_11-39-42.jpg
2025-12-05_11-39-42,intruder_2025-12-05_11-39-42.jpg
2025-12-05_11-39-43,intruder_2025-12-05_11-39-43.jpg
2025-12-05_11-39-43,intruder_2025-12-05_11-39-43.jpg
2025-12-05_11-39-43,intruder_2025-12-05_11-39-43.jpg
2025-12-05_11-39-44,intruder_2025-12-05_11-39-44.jpg
2025-12-05_11-39-44,intruder_2025-12-05_11-39-44.jpg
2025-12-05_11-39-44,intruder_2025-12-05_11-39-44.jpg
2025-12-05_11-39-45,intruder_2025-12-05_11-39-45.jpg
2025-12-05_11-39-45,intruder_2025-12-05_11-39-45.jpg
2025-12-05_11-39-45,intruder_2025-12-05_11-39-45.jpg
2025-12-05_11-39-46,intruder_2025-12-05_11-39-46.jpg
2025-12-05_11-39-46,intruder_2025-12-05_11-39-46.jpg
2025-12-05_11-39-46,intruder_2025-12-05_11-39-46.jpg
2025-12-05_11-39-47,intruder_2025-12-05_11-39-47.jpg
2025-12-05_11-39-47,intruder_2025-12-05_11-39-47.jpg
2025-12-05_11-39-47,intruder_2025-12-05_11-39-47.jpg
2025-12-05_11-39-48,intruder_2025-12-05_11-39-48.jpg
2025-12-05_11-39-48,intruder_2025-12-05_11-39-48.jpg
2025-12-05_11-39-48,intruder_2025-12-05_11-39-48.jpg
2025-12-05_11-39-48,intruder_2025-12-05_11-39-48.jpg
2025-12-05_11-39-49,intruder_2025-12-05_11-39-49.jpg
2025-12-05_11-39-49,intruder_2025-12-05_11-39-49.jpg
2025-12-05_11-39-49,intruder_2025-12-05_11-39-49.jpg
2025-12-05_11-39-50,intruder_2025-12-05_11-39-50.jpg
2025-12-05_11-39-50,intruder_2025-12-05_11-39-50.jpg
2025-12-05_11-39-50,intruder_2025-12-05_11-39-50.jpg
2025-12-05_11-39-51,intruder_2025-12-05_11-39-51.jpg
2025-12-05_11-39-51,intruder_2025-12-05_11-39-51.jpg
2025-12-05_11-39-51,intruder_2025-12-05_11-39-51.jpg
2025-12-05_11-39-52,intruder_2025-12-05_11-39-52.jpg
2025-12-05_11-39-52,intruder_2025-12-05_11-39-52.jpg
2025-12-05_11-39-52,intruder_2025-12-05_11-39-52.jpg
2025-12-05_11-39-52,intruder_2025-12-05_11-39-52.jpg
2025-12-05_11-39-52,intruder_2025-12-05_11-39-52.jpg
2025-12-05_11-39-53,intruder_2025-12-05_11-39-53.jpg
2025-12-05_11-39-53,intruder_2025-12-05_11-39-53.jpg
2025-12-05_11-39-53,intruder_2025-12-05_11-39-53.jpg
2025-12-05_11-39-53,intruder_2025-12-05_11-39-53.jpg
2025-12-05_11-39-54,intruder_2025-12-05_11-39-54.jpg
2025-12-05_11-39-54,intruder_2025-12-05_11-39-54.jpg
2025-12-05_11-39-54,intruder_2025-12-05_11-39-54.jpg
2025-12-05_11-39-55,intruder_2025-12-05_11-39-55.jpg
2025-12-05_11-39-55,intruder_2025-12-05_11-39-55.jpg
2025-12-05_11-39-55,intruder_2025-12-05_11-39-55.jpg
2025-12-05_11-40-00,intruder_2025-12-05_11-40-00.jpg
2025-12-05_11-40-00,intruder_2025-12-05_11-40-00.jpg
2025-12-05_11-40-01,intruder_2025-12-05_11-40-01.jpg
2025-12-05_11-40-01,intruder_2025-12-05_11-40-01.jpg
2025-12-05_11-40-01,intruder_2025-12-05_11-40-01.jpg
2025-12-05_11-40-08,intruder_2025-12-05_11-40-08.jpg
2025-12-05_11-40-10,intruder_2025-12-05_11-40-10.jpg
2026-01-22_18-20-28,intruder_2026-01-22_18-20-28.jpg
2026-01-22_18-20-37,intruder_2026-01-22_18-20-37.jpg
2026-01-22_18-20-38,intruder_2026-01-22_18-20-38.jpg
2026-01-22_18-20-39,intruder_2026-01-22_18-20-39.jpg
2026-01-22_18-20-39,intruder_2026-01-22_18-20-39.jpg
2026-01-22_18-20-39,intruder_2026-01-22_18-20-39.jpg
2026-01-22_18-20-40,intruder_2026-01-22_18-20-40.jpg
2026-01-22_18-20-40,intruder_2026-01-22_18-20-40.jpg
2026-01-22_18-20-40,intruder_2026-01-22_18-20-40.jpg
2026-01-22_18-20-41,intruder_2026-01-22_18-20-41.jpg
2026-01-22_18-20-41,intruder_2026-01-22_18-20-41.jpg
2026-01-22_18-20-41,intruder_2026-01-22_18-20-41.jpg
2026-01-22_18-20-42,intruder_2026-01-22_18-20-42.jpg
2026-01-22_18-20-42,intruder_2026-01-22_18-20-42.jpg
2026-01-22_18-20-42,intruder_2026-01-22_18-20-42.jpg
2026-01-22_18-20-42,intruder_2026-01-22_18-20-42.jpg
2026-01-22_18-20-43,intruder_2026-01-22_18-20-43.jpg
2026-01-22_18-20-43,intruder_2026-01-22_18-20-43.jpg
2026-01-22_18-20-43,intruder_2026-01-22_18-20-43.jpg
2026-01-22_18-20-44,intruder_2026-01-22_18-20-44.jpg
2026-01-22_18-20-44,intruder_2026-01-22_18-20-44.jpg
2026-01-22_18-20-44,intruder_2026-01-22_18-20-44.jpg
2026-01-22_18-20-44,intruder_2026-01-22_18-20-44.jpg
2026-01-22_18-20-45,intruder_2026-01-22_18-20-45.jpg
2026-01-22_18-20-45,intruder_2026-01-22_18-20-45.jpg
2026-01-22_18-20-45,intruder_2026-01-22_18-20-45.jpg
2026-01-22_18-20-45,intruder_2026-01-22_18-20-45.jpg
2026-01-22_18-20-46,intruder_2026-01-22_18-20-46.jpg
2026-01-22_18-20-46,intruder_2026-01-22_18-20-46.jpg
2026-01-22_18-20-46,intruder_2026-01-22_18-20-46.jpg
2026-01-22_18-20-46,intruder_2026-01-22_18-20-46.jpg
2026-01-22_18-20-46,intruder_2026-01-22_18-20-46.jpg
2026-01-22_18-20-47,intruder_2026-01-22_18-20-47.jpg
2026-01-22_18-20-47,intruder_2026-01-22_18-20-47.jpg
2026-01-22_18-20-47,intruder_2026-01-22_18-20-47.jpg
2026-01-22_18-20-47,intruder_2026-01-22_18-20-47.jpg
2026-01-22_18-20-48,intruder_2026-01-22_18-20-48.jpg
2026-01-22_18-20-48,intruder_2026-01-22_18-20-48.jpg
2026-01-22_18-20-48,intruder_2026-01-22_18-20-48.jpg
2026-01-22_18-20-48,intruder_2026-01-22_18-20-48.jpg
2026-01-22_18-20-49,intruder_2026-01-22_18-20-49.jpg
2026-01-22_18-20-49,intruder_2026-01-22_18-20-49.jpg
2026-01-22_18-20-49,intruder_2026-01-22_18-20-49.jpg
2026-01-22_18-20-50,intruder_2026-01-22_18-20-50.jpg
2026-01-22_18-20-50,intruder_2026-01-22_18-20-50.jpg
2026-01-22_18-20-51,intruder_2026-01-22_18-20-51.jpg
2026-01-22_18-20-52,intruder_2026-01-22_18-20-52.jpg
2026-01-22_18-20-53,intruder_2026-01-22_18-20-53.jpg
2026-01-22_18-20-54,intruder_2026-01-22_18-20-54.jpg
2026-01-22_18-20-54,intruder_2026-01-22_18-20-54.jpg
2026-01-22_18-20-54,intruder_2026-01-22_18-20-54.jpg
2026-01-22_18-20-55,intruder_2026-01-22_18-20-55.jpg
2026-01-22_18-20-55,intruder_2026-01-22_18-20-55.jpg
2026-01-22_18-20-55,intruder_2026-01-22_18-20-55.jpg
2026-01-22_18-20-55,intruder_2026-01-22_18-20-55.jpg
2026-01-22_18-20-55,intruder_2026-01-22_18-20-55.jpg
2026-01-22_18-20-56,intruder_2026-01-22_18-20-56.jpg
2026-01-22_18-20-56,intruder_2026-01-22_18-20-56.jpg
2026-01-22_19-43-24,intruder_2026-01-22_19-43-24.jpg
2026-01-22_19-43-28,intruder_2026-01-22_19-43-28.jpg
2026-01-22_19-43-31,intruder_2026-01-22_19-43-31.jpg
2026-01-22_19-43-35,intruder_2026-01-22_19-43-35.jpg
2026-01-22_19-43-41,intruder_2026-01-22_19-43-41.jpg
2026-01-22_19-43-55,intruder_2026-01-22_19-43-55.jpg
2026-01-22_19-43-59,intruder_2026-01-22_19-43-59.jpg
2026-01-22_19-44-09,intruder_2026-01-22_19-44-09.jpg
2026-01-22_19-44-12,intruder_2026-01-22_19-44-12.jpg
2026-01-22_19-44-15,intruder_2026-01-22_19-44-15.jpg
2026-01-22_19-44-19,intruder_2026-01-22_19-44-19.jpg
2026-01-22_19-44-22,intruder_2026-01-22_19-44-22.jpg
2026-01-22_19-44-25,intruder_2026-01-22_19-44-25.jpg
2026-01-22_19-44-28,intruder_2026-01-22_19-44-28.jpg
2026-01-22_19-44-32,intruder_2026-01-22_19-44-32.jpg
2026-01-22_19-44-35,intruder_2026-01-22_19-44-35.jpg
2026-01-22_19-44-39,intruder_2026-01-22_19-44-39.jpg
2026-01-22_19-44-42,intruder_2026-01-22_19-44-42.jpg
2026-01-22_19-44-45,intruder_2026-01-22_19-44-45.jpg
2026-01-22_19-44-48,intruder_2026-01-22_19-44-48.jpg
2026-01-22_19-44-51,intruder_2026-01-22_19-44-51.jpg
2026-01-22_19-44-55,intruder_2026-01-22_19-44-55.jpg
2026-01-22_19-44-58,intruder_2026-01-22_19-44-58.jpg
2026-01-22_19-45-01,intruder_2026-01-22_19-45-01.jpg
2026-01-22_19-45-04,intruder_2026-01-22_19-45-04.jpg
2026-01-22_19-45-08,intruder_2026-01-22_19-45-08.jpg
2026-01-22_19-45-13,intruder_2026-01-22_19-45-13.jpg
2026-01-22_19-45-16,intruder_2026-01-22_19-45-16.jpg
2026-01-22_19-45-19,intruder_2026-01-22_19-45-19.jpg
2026-01-22_19-45-22,intruder_2026-01-22_19-45-22.jpg
2026-01-22_19-45-25,intruder_2026-01-22_19-45-25.jpg
2026-01-22_19-45-29,intruder_2026-01-22_19-45-29.jpg
2026-01-22_19-45-37,intruder_2026-01-22_19-45-37.jpg
2026-01-22_19-45-40,intruder_2026-01-22_19-45-40.jpg
2026-01-22_19-45-49,intruder_2026-01-22_19-45-49.jpg
2026-01-22_19-45-53,intruder_2026-01-22_19-45-53.jpg
2026-01-22_19-46-00,intruder_2026-01-22_19-46-00.jpg
2026-01-22_19-46-03,intruder_2026-01-22_19-46-03.jpg
2026-01-22_19-46-06,intruder_2026-01-22_19-46-06.jpg
2026-01-22_19-46-10,intruder_2026-01-22_19-46-10.jpg
2026-01-22_19-46-13,intruder_2026-01-22_19-46-13.jpg
2026-01-22_19-46-16,intruder_2026-01-22_19-46-16.jpg
2026-01-22_19-46-19,intruder_2026-01-22_19-46-19.jpg
2026-01-22_19-46-22,intruder_2026-01-22_19-46-22.jpg
2026-01-22_19-46-26,intruder_2026-01-22_19-46-26.jpg
2026-01-22_19-46-29,intruder_2026-01-22_19-46-29.jpg
2026-01-22_19-46-43,intruder_2026-01-22_19-46-43.jpg
2026-01-22_19-46-46,intruder_2026-01-22_19-46-46.jpg
2026-01-22_19-46-49,intruder_2026-01-22_19-46-49.jpg
2026-01-22_19-46-53,intruder_2026-01-22_19-46-53.jpg
2026-01-22_19-46-56,intruder_2026-01-22_19-46-56.jpg
2026-01-22_19-46-59,intruder_2026-01-22_19-46-59.jpg
2026-01-22_19-47-03,intruder_2026-01-22_19-47-03.jpg
2026-01-22_19-47-07,intruder_2026-01-22_19-47-07.jpg
2026-01-22_19-47-10,intruder_2026-01-22_19-47-10.jpg
2026-01-22_19-47-14,intruder_2026-01-22_19-47-14.jpg
2026-01-22_19-47-21,intruder_2026-01-22_19-47-21.jpg
2026-01-22_19-47-24,intruder_2026-01-22_19-47-24.jpg
2026-01-22_19-47-27,intruder_2026-01-22_19-47-27.jpg
2026-01-22_19-47-31,intruder_2026-01-22_19-47-31.jpg
2026-01-22_19-47-35,intruder_2026-01-22_19-47-35.jpg
2026-01-22_19-47-39,intruder_2026-01-22_19-47-39.jpg
2026-01-22_19-47-42,intruder_2026-01-22_19-47-42.jpg
2026-01-22_19-47-45,intruder_2026-01-22_19-47-45.jpg
2026-01-22_19-47-48,intruder_2026-01-22_19-47-48.jpg
2026-01-22_19-47-52,intruder_2026-01-22_19-47-52.jpg
2026-01-22_19-47-58,intruder_2026-01-22_19-47-58.jpg
2026-01-22_19-48-01,intruder_2026-01-22_19-48-01.jpg
2026-01-22_19-48-06,intruder_2026-01-22_19-48-06.jpg
2026-01-22_19-48-15,intruder_2026-01-22_19-48-15.jpg
2026-01-22_19-48-19,intruder_2026-01-22_19-48-19.jpg
2026-01-22_19-48-22,intruder_2026-01-22_19-48-22.jpg
2026-01-22_19-48-25,intruder_2026-01-22_19-48-25.jpg
2026-01-22_19-48-29,intruder_2026-01-22_19-48-29.jpg
2026-01-22_19-48-32,intruder_2026-01-22_19-48-32.jpg
2026-01-22_19-48-38,intruder_2026-01-22_19-48-38.jpg
2026-01-22_19-48-44,intruder_2026-01-22_19-48-44.jpg
2026-01-22_19-48-49,intruder_2026-01-22_19-48-49.jpg
2026-01-22_19-48-52,intruder_2026-01-22_19-48-52.jpg
2026-01-22_19-48-55,intruder_2026-01-22_19-48-55.jpg
2026-01-22_19-48-58,intruder_2026-01-22_19-48-58.jpg
2026-01-22_19-49-02,intruder_2026-01-22_19-49-02.jpg
2026-01-22_19-49-05,intruder_2026-01-22_19-49-05.jpg
2026-01-22_19-49-08,intruder_2026-01-22_19-49-08.jpg
2026-01-22_19-49-11,intruder_2026-01-22_19-49-11.jpg
2026-01-24_08-50-34,intruder_2026-01-24_08-50-34.jpg
2026-01-24_08-50-38,intruder_2026-01-24_08-50-38.jpg
2026-01-24_08-50-41,intruder_2026-01-24_08-50-41.jpg
2026-01-24_08-50-45,intruder_2026-01-24_08-50-45.jpg
2026-01-24_08-50-48,intruder_2026-01-24_08-50-48.jpg
2026-01-24_08-50-53,intruder_2026-01-24_08-50-53.jpg
2026-01-24_08-50-56,intruder_2026-01-24_08-50-56.jpg
2026-01-24_08-50-59,intruder_2026-01-24_08-50-59.jpg
2026-01-24_08-51-02,intruder_2026-01-24_08-51-02.jpg
2026-01-24_08-51-06,intruder_2026-01-24_08-51-06.jpg
2026-01-24_08-51-09,intruder_2026-01-24_08-51-09.jpg
2026-01-24_08-51-12,intruder_2026-01-24_08-51-12.jpg
2026-01-24_08-51-16,intruder_2026-01-24_08-51-16.jpg
2026-01-24_08-51-19,intruder_2026-01-24_08-51-19.jpg
2026-01-24_08-51-22,intruder_2026-01-24_08-51-22.jpg
2026-01-24_08-51-26,intruder_2026-01-24_08-51-26.jpg
2026-01-24_08-51-29,intruder_2026-01-24_08-51-29.jpg
2026-01-24_08-51-33,intruder_2026-01-24_08-51-33.jpg
2026-01-24_08-51-36,intruder_2026-01-24_08-51-36.jpg
2026-01-24_08-51-39,intruder_2026-01-24_08-51-39.jpg
2026-01-24_08-51-42,intruder_2026-01-24_08-51-42.jpg
2026-01-24_08-51-46,intruder_2026-01-24_08-51-46.jpg
2026-01-24_08-51-49,intruder_2026-01-24_08-51-49.jpg
2026-01-24_08-51-52,intruder_2026-01-24_08-51-52.jpg
2026-01-24_08-51-56,intruder_2026-01-24_08-51-56.jpg
2026-01-24_10-02-33,intruder_2026-01-24_10-02-33.jpg
2026-01-24_10-02-37,intruder_2026-01-24_10-02-37.jpg
2026-01-24_10-02-40,intruder_2026-01-24_10-02-40.jpg
2026-01-24_10-02-43,intruder_2026-01-24_10-02-43.jpg
2026-01-24_10-02-47,intruder_2026-01-24_10-02-47.jpg
2026-01-24_10-02-51,intruder_2026-01-24_10-02-51.jpg
2026-01-24_10-03-18,intruder_2026-01-24_10-03-18.jpg
2026-01-24_10-03-21,intruder_2026-01-24_10-03-21.jpg
2026-01-24_10-03-24,intruder_2026-01-24_10-03-24.jpg
2026-01-24_10-03-28,intruder_2026-01-24_10-03-28.jpg
2026-01-24_10-03-31,intruder_2026-01-24_10-03-31.jpg
2026-01-24_10-03-36,intruder_2026-01-24_10-03-36.jpg
2026-01-24_10-03-40,intruder_2026-01-24_10-03-40.jpg
2026-01-24_10-03-44,intruder_2026-01-24_10-03-44.jpg
2026-01-24_10-03-47,intruder_2026-01-24_10-03-47.jpg
2026-01-24_10-03-51,intruder_2026-01-24_10-03-51.jpg
2026-01-24_10-03-54,intruder_2026-01-24_10-03-54.jpg
2026-01-24_10-03-57,intruder_2026-01-24_10-03-57.jpg
2026-01-24_10-04-00,intruder_2026-01-24_10-04-00.jpg
2026-01-24_10-04-04,intruder_2026-01-24_10-04-04.jpg
2026-01-24_10-04-07,intruder_2026-01-24_10-04-07.jpg
2026-01-24_10-04-10,intruder_2026-01-24_10-04-10.jpg
2026-01-24_10-04-13,intruder_2026-01-24_10-04-13.jpg
2026-01-24_10-04-17,intruder_2026-01-24_10-04-17.jpg
2026-01-24_10-04-21,intruder_2026-01-24_10-04-21.jpg
2026-01-24_10-04-25,intruder_2026-01-24_10-04-25.jpg
2026-01-24_10-04-29,intruder_2026-01-24_10-04-29.jpg
2026-01-24_10-04-32,intruder_2026-01-24_10-04-32.jpg
2026-01-24_10-04-36,intruder_2026-01-24_10-04-36.jpg
2026-01-24_10-04-39,intruder_2026-01-24_10-04-39.jpg
2026-01-24_10-04-42,intruder_2026-01-24_10-04-42.jpg
2026-01-24_10-04-45,intruder_2026-01-24_10-04-45.jpg
2026-01-24_10-04-49,intruder_2026-01-24_10-04-49.jpg
2026-01-24_10-04-52,intruder_2026-01-24_10-04-52.jpg
2026-01-24_10-04-56,intruder_2026-01-24_10-04-56.jpg
2026-01-24_10-05-00,intruder_2026-01-24_10-05-00.jpg
2026-01-24_10-05-03,intruder_2026-01-24_10-05-03.jpg
2026-02-18_09-44-38,intruder_2026-02-18_09-44-38.jpg
2026-02-18_11-05-38,intruder_2026-02-18_11-05-38.jpg
2026-02-18_11-05-59,intruder_2026-02-18_11-05-59.jpg
2026-02-23_14-46-09,intruder_2026-02-23_14-46-09.jpg
2026-02-23_14-46-33,intruder_2026-02-23_14-46-33.jpg
2026-02-23_14-46-46,intruder_2026-02-23_14-46-46.jpg
